企業コード,従業員数,日本標準産業分類中分類名,従業員数区分
025314331,12,その他の製造業,02平均以下
025322378,8,はん用機械器具製造業,02平均以下
030018642,22,金属製品製造業,01平均超
030019112,5,生産用機械器具製造業,02平均以下
030019209,0,印刷・同関連業,02平均以下
030019280,247,金属製品製造業,01平均超
030019352,14,業務用機械器具製造業,01平均超
030019827,0,はん用機械器具製造業,02平均以下
030019934,0,非鉄金属製造業,02平均以下
030337462,4,輸送用機械器具製造業,02平均以下
030337647,8,電気機械器具製造業,02平均以下
030387635,8,繊維工業,02平均以下
030387697,92,生産用機械器具製造業,01平均超
030823141,3,その他の製造業,02平均以下
030823263,7,プラスチック製品製造業（別掲を除く）,02平均以下
030823432,10,プラスチック製品製造業（別掲を除く）,02平均以下
030823602,2,電子部品・デバイス・電子回路製造業,02平均以下
030823681,4,プラスチック製品製造業（別掲を除く）,02平均以下
030823882,1,生産用機械器具製造業,02平均以下
030825496,0,家具・装備品製造業,02平均以下
030883328,38,生産用機械器具製造業,01平均超
030883883,0,鉄鋼業,02平均以下
032213782,3,金属製品製造業,02平均以下
032225744,8,繊維工業,02平均以下
032225802,0,生産用機械器具製造業,02平均以下
032226093,25,その他の製造業,02平均以下
032297066,3,プラスチック製品製造業（別掲を除く）,02平均以下
034303139,16,その他の製造業,02平均以下
035319684,38,プラスチック製品製造業（別掲を除く）,01平均超
036126734,6,金属製品製造業,02平均以下
039196326,40,金属製品製造業,01平均超
039274197,3,プラスチック製品製造業（別掲を除く）,02平均以下
039331336,53,生産用機械器具製造業,01平均超
039340610,45,電子部品・デバイス・電子回路製造業,02平均以下
039387164,151,金属製品製造業,01平均超
039408495,1,印刷・同関連業,02平均以下
039597467,9,はん用機械器具製造業,02平均以下
039709218,8,電気機械器具製造業,02平均以下
039751515,36,プラスチック製品製造業（別掲を除く）,01平均超
039784859,35,繊維工業,01平均超
039784872,4,生産用機械器具製造業,02平均以下
039784954,1,食料品製造業,02平均以下
039943740,0,金属製品製造業,02平均以下
048322750,10,金属製品製造業,02平均以下
051311112,9,生産用機械器具製造業,02平均以下
055328342,1,金属製品製造業,02平均以下
058321872,4,金属製品製造業,02平均以下
071083054,3,生産用機械器具製造業,02平均以下
071229514,18,はん用機械器具製造業,02平均以下
071259834,6,金属製品製造業,02平均以下
071350203,30,はん用機械器具製造業,01平均超
071504349,7,木材・木製品製造業（家具を除く）,02平均以下
071542102,25,プラスチック製品製造業（別掲を除く）,01平均超
071665615,13,印刷・同関連業,02平均以下
071782762,5,輸送用機械器具製造業,02平均以下
071947929,45,食料品製造業,01平均超
071978494,5,生産用機械器具製造業,02平均以下
071983680,46,電気機械器具製造業,01平均超
072284353,20,化学工業,02平均以下
073266789,6,輸送用機械器具製造業,02平均以下
073885172,2,輸送用機械器具製造業,02平均以下
073932984,10,鉄鋼業,02平均以下
074322215,46,繊維工業,01平均超
074484343,11,パルプ・紙・紙加工品製造業,02平均以下
074575540,8,食料品製造業,02平均以下
074633930,6,はん用機械器具製造業,02平均以下
074761367,4,プラスチック製品製造業（別掲を除く）,02平均以下
074811857,10,プラスチック製品製造業（別掲を除く）,02平均以下
074829922,78,その他の製造業,01平均超
074885862,2,生産用機械器具製造業,02平均以下
074887759,240,非鉄金属製造業,01平均超
075008113,3,輸送用機械器具製造業,02平均以下
075033932,13,金属製品製造業,02平均以下
075673881,3,ゴム製品製造業,02平均以下
075686083,5,鉄鋼業,02平均以下
076438503,8,金属製品製造業,02平均以下
076464449,4,その他の製造業,02平均以下
076472801,1,電気機械器具製造業,02平均以下
076577307,10,生産用機械器具製造業,02平均以下
077458422,17,なめし革・同製品・毛皮製造業,01平均超
077717732,6,ゴム製品製造業,02平均以下
078043777,0,はん用機械器具製造業,02平均以下
078518751,26,繊維工業,01平均超
078584556,0,飲料・たばこ・飼料製造業,02平均以下
078601511,69,金属製品製造業,01平均超
078614276,16,はん用機械器具製造業,02平均以下
078800858,5,飲料・たばこ・飼料製造業,02平均以下
078882765,3,家具・装備品製造業,02平均以下
078919082,72,輸送用機械器具製造業,01平均超
079072157,5,パルプ・紙・紙加工品製造業,02平均以下
079098649,0,金属製品製造業,02平均以下
079397991,0,はん用機械器具製造業,02平均以下
079418279,4,繊維工業,02平均以下
090314607,10,はん用機械器具製造業,02平均以下
090320462,7,生産用機械器具製造業,02平均以下
090325364,10,印刷・同関連業,02平均以下
091310871,4,食料品製造業,02平均以下
091322568,6,プラスチック製品製造業（別掲を除く）,02平均以下
094301630,3,生産用機械器具製造業,02平均以下
094301896,333,金属製品製造業,01平均超
098321752,2,飲料・たばこ・飼料製造業,02平均以下
105328713,62,生産用機械器具製造業,01平均超
109326159,4,生産用機械器具製造業,02平均以下
115317592,5,輸送用機械器具製造業,02平均以下
115320034,11,プラスチック製品製造業（別掲を除く）,02平均以下
115329415,71,電気機械器具製造業,01平均超
120325597,18,食料品製造業,02平均以下
125320362,7,金属製品製造業,02平均以下
125321956,0,輸送用機械器具製造業,02平均以下
128314439,1,繊維工業,02平均以下
128329720,2,輸送用機械器具製造業,02平均以下
131320712,1,はん用機械器具製造業,02平均以下
133315119,2,金属製品製造業,02平均以下
133321946,20,ゴム製品製造業,01平均超
134328292,18,電気機械器具製造業,02平均以下
140315542,26,食料品製造業,01平均超
147310216,4,金属製品製造業,02平均以下
147319878,0,金属製品製造業,02平均以下
148325342,7,輸送用機械器具製造業,02平均以下
149322302,25,食料品製造業,01平均超
150310455,4,食料品製造業,02平均以下
151321503,0,はん用機械器具製造業,02平均以下
154315212,0,繊維工業,02平均以下
154315857,130,電気機械器具製造業,01平均超
157304643,3,飲料・たばこ・飼料製造業,02平均以下
157312584,5,はん用機械器具製造業,02平均以下
159318108,86,その他の製造業,01平均超
161311692,0,業務用機械器具製造業,02平均以下
163305740,9,電子部品・デバイス・電子回路製造業,02平均以下
164321038,158,プラスチック製品製造業（別掲を除く）,01平均超
165310537,3,金属製品製造業,02平均以下
165327639,3,鉄鋼業,02平均以下
168303142,32,輸送用機械器具製造業,01平均超
171328033,29,輸送用機械器具製造業,01平均超
179314059,10,プラスチック製品製造業（別掲を除く）,02平均以下
179321512,6,輸送用機械器具製造業,02平均以下
179324555,1,その他の製造業,02平均以下
179327000,12,ゴム製品製造業,02平均以下
181311612,0,金属製品製造業,02平均以下
183311574,1,金属製品製造業,02平均以下
183314409,1,電気機械器具製造業,02平均以下
185310771,14,金属製品製造業,02平均以下
187311676,4,生産用機械器具製造業,02平均以下
187312734,3,生産用機械器具製造業,02平均以下
188328195,0,食料品製造業,02平均以下
188328581,45,木材・木製品製造業（家具を除く）,01平均超
197303609,4,食料品製造業,02平均以下
210328397,12,映像・音声・文字情報制作業,01平均超
215318191,7,はん用機械器具製造業,02平均以下
218310406,3,業務用機械器具製造業,02平均以下
230319924,9,パルプ・紙・紙加工品製造業,02平均以下
230321585,10,プラスチック製品製造業（別掲を除く）,02平均以下
233320306,8,業務用機械器具製造業,02平均以下
235326299,4,電子部品・デバイス・電子回路製造業,02平均以下
239320250,5,金属製品製造業,02平均以下
241321678,3,食料品製造業,02平均以下
245316433,0,食料品製造業,02平均以下
250314602,0,電子部品・デバイス・電子回路製造業,02平均以下
251312618,2,電気機械器具製造業,02平均以下
253315871,15,金属製品製造業,02平均以下
253323902,0,金属製品製造業,02平均以下
254323542,4,はん用機械器具製造業,02平均以下
254325732,25,電気機械器具製造業,02平均以下
257329979,3,食料品製造業,02平均以下
258320209,13,なめし革・同製品・毛皮製造業,01平均超
261315975,0,食料品製造業,02平均以下
261326489,3,印刷・同関連業,02平均以下
263320359,4,生産用機械器具製造業,02平均以下
265328336,5,金属製品製造業,02平均以下
267324324,15,プラスチック製品製造業（別掲を除く）,02平均以下
267328518,17,プラスチック製品製造業（別掲を除く）,02平均以下
268327146,12,印刷・同関連業,02平均以下
269318576,4,食料品製造業,02平均以下
269323752,30,金属製品製造業,01平均超
284320539,3,化学工業,02平均以下
285328553,6,窯業・土石製品製造業,02平均以下
289312884,10,繊維工業,02平均以下
290313931,6,生産用機械器具製造業,02平均以下
291324150,4,映像・音声・文字情報制作業,02平均以下
293315908,5,金属製品製造業,02平均以下
299322119,2,金属製品製造業,02平均以下
299323054,1,はん用機械器具製造業,02平均以下
301322582,2,プラスチック製品製造業（別掲を除く）,02平均以下
303315759,7,はん用機械器具製造業,02平均以下
303320878,20,金属製品製造業,01平均超
304324543,6,プラスチック製品製造業（別掲を除く）,02平均以下
307324282,6,食料品製造業,02平均以下
307326324,15,食料品製造業,02平均以下
310325202,25,はん用機械器具製造業,02平均以下
311319001,7,プラスチック製品製造業（別掲を除く）,02平均以下
311329541,6,生産用機械器具製造業,02平均以下
313305693,1,プラスチック製品製造業（別掲を除く）,02平均以下
317319934,53,食料品製造業,01平均超
320328550,8,生産用機械器具製造業,02平均以下
321322326,0,家具・装備品製造業,02平均以下
321328742,6,情報通信機械器具製造業,02平均以下
321329384,40,その他の製造業,01平均超
325320541,0,はん用機械器具製造業,02平均以下
328322847,4,金属製品製造業,02平均以下
333320208,11,その他の製造業,02平均以下
340320094,19,金属製品製造業,01平均超
340325463,0,はん用機械器具製造業,02平均以下
341321411,80,印刷・同関連業,01平均超
343318049,0,はん用機械器具製造業,02平均以下
345325542,20,輸送用機械器具製造業,01平均超
347321776,1,生産用機械器具製造業,02平均以下
350324743,9,パルプ・紙・紙加工品製造業,02平均以下
351327122,5,生産用機械器具製造業,02平均以下
355320686,9,生産用機械器具製造業,02平均以下
358328947,35,金属製品製造業,01平均超
368314678,0,電気機械器具製造業,02平均以下
368321044,0,金属製品製造業,02平均以下
368326981,5,飲料・たばこ・飼料製造業,02平均以下
370315888,7,電気機械器具製造業,02平均以下
373328212,20,食料品製造業,01平均超
374320182,1,はん用機械器具製造業,02平均以下
377314824,3,食料品製造業,02平均以下
377320984,0,窯業・土石製品製造業,02平均以下
377326569,23,電気機械器具製造業,02平均以下
390321135,8,印刷・同関連業,02平均以下
390329513,8,なめし革・同製品・毛皮製造業,02平均以下
391318746,1,金属製品製造業,02平均以下
397324223,15,その他の製造業,02平均以下
399321046,0,金属製品製造業,02平均以下
410310308,70,食料品製造業,01平均超
414314896,2,金属製品製造業,02平均以下
419321635,21,その他の製造業,02平均以下
420313880,6,金属製品製造業,02平均以下
421320905,3,食料品製造業,02平均以下
426165985,2,プラスチック製品製造業（別掲を除く）,02平均以下
430315976,33,食料品製造業,01平均超
433314380,0,鉄鋼業,02平均以下
433320199,17,金属製品製造業,02平均以下
433329292,31,電気機械器具製造業,02平均以下
435313159,1,繊維工業,02平均以下
438320084,60,食料品製造業,01平均超
439311551,10,鉄鋼業,02平均以下
439315940,0,食料品製造業,02平均以下
439320316,20,輸送用機械器具製造業,01平均超
439320793,20,金属製品製造業,01平均超
440314252,4,繊維工業,02平均以下
444320711,12,はん用機械器具製造業,02平均以下
445314609,12,印刷・同関連業,02平均以下
447314231,5,プラスチック製品製造業（別掲を除く）,02平均以下
449310337,13,その他の製造業,02平均以下
450318665,15,飲料・たばこ・飼料製造業,01平均超
451316438,0,その他の製造業,02平均以下
455311164,60,金属製品製造業,01平均超
455324522,4,家具・装備品製造業,02平均以下
458321992,89,プラスチック製品製造業（別掲を除く）,01平均超
458329196,30,輸送用機械器具製造業,01平均超
464322699,4,電気機械器具製造業,02平均以下
465322762,0,食料品製造業,02平均以下
467325538,4,プラスチック製品製造業（別掲を除く）,02平均以下
469321535,37,その他の製造業,01平均超
485314696,15,食料品製造業,02平均以下
497311475,13,生産用機械器具製造業,02平均以下
525316132,0,鉄鋼業,02平均以下
530326912,44,繊維工業,01平均超
530328597,5,はん用機械器具製造業,02平均以下
534319722,22,電気機械器具製造業,02平均以下
534323741,0,はん用機械器具製造業,02平均以下
534327242,0,金属製品製造業,02平均以下
534327788,10,印刷・同関連業,02平均以下
535329035,15,プラスチック製品製造業（別掲を除く）,02平均以下
537327054,3,非鉄金属製造業,02平均以下
538317564,0,印刷・同関連業,02平均以下
538318008,25,金属製品製造業,01平均超
539318669,30,鉄鋼業,01平均超
544311955,33,繊維工業,01平均超
547320592,2,その他の製造業,02平均以下
548313460,15,繊維工業,02平均以下
548324703,4,食料品製造業,02平均以下
557329729,10,繊維工業,02平均以下
560323690,5,食料品製造業,02平均以下
561312308,22,生産用機械器具製造業,01平均超
567314486,9,金属製品製造業,02平均以下
568311278,162,金属製品製造業,01平均超
580325815,11,その他の製造業,02平均以下
580328035,3,印刷・同関連業,02平均以下
581315787,3,はん用機械器具製造業,02平均以下
581324217,3,プラスチック製品製造業（別掲を除く）,02平均以下
585311648,25,生産用機械器具製造業,01平均超
585315604,0,金属製品製造業,02平均以下
589311742,0,食料品製造業,02平均以下
598319398,2,生産用機械器具製造業,02平均以下
598329090,0,食料品製造業,02平均以下
599321612,3,電気機械器具製造業,02平均以下
599324112,25,はん用機械器具製造業,02平均以下
605320216,8,パルプ・紙・紙加工品製造業,02平均以下
605321978,10,電子部品・デバイス・電子回路製造業,02平均以下
607311561,21,ゴム製品製造業,01平均超
611321382,20,家具・装備品製造業,02平均以下
615328200,3,食料品製造業,02平均以下
623312814,30,飲料・たばこ・飼料製造業,01平均超
628318012,55,食料品製造業,01平均超
630320264,8,電気機械器具製造業,02平均以下
631320319,0,化学工業,02平均以下
635314489,27,食料品製造業,01平均超
637320309,3,金属製品製造業,02平均以下
638323493,2,輸送用機械器具製造業,02平均以下
639314093,10,はん用機械器具製造業,02平均以下
640323780,67,電子部品・デバイス・電子回路製造業,02平均以下
647315966,5,電子部品・デバイス・電子回路製造業,02平均以下
648329158,14,食料品製造業,02平均以下
648329934,10,食料品製造業,02平均以下
661321533,1,はん用機械器具製造業,02平均以下
663314170,5,輸送用機械器具製造業,02平均以下
664323489,14,情報通信機械器具製造業,01平均超
665315745,18,生産用機械器具製造業,02平均以下
665325554,6,窯業・土石製品製造業,02平均以下
665328110,5,金属製品製造業,02平均以下
668320792,4,木材・木製品製造業（家具を除く）,02平均以下
669328074,5,電気機械器具製造業,02平均以下
670318176,8,印刷・同関連業,02平均以下
674328533,7,金属製品製造業,02平均以下
675314609,39,金属製品製造業,01平均超
679315932,7,繊維工業,02平均以下
685323628,4,食料品製造業,02平均以下
687328082,0,情報通信機械器具製造業,02平均以下
691315380,6,食料品製造業,02平均以下
691324555,1,輸送用機械器具製造業,02平均以下
695319635,6,生産用機械器具製造業,02平均以下
696814411,8,プラスチック製品製造業（別掲を除く）,02平均以下
698319538,23,その他の製造業,02平均以下
699328663,69,プラスチック製品製造業（別掲を除く）,01平均超
700311392,5,食料品製造業,02平均以下
700315934,52,印刷・同関連業,01平均超
700329522,10,生産用機械器具製造業,02平均以下
706377613,1,輸送用機械器具製造業,02平均以下
709311491,31,金属製品製造業,01平均超
709329132,0,金属製品製造業,02平均以下
715322077,3,金属製品製造業,02平均以下
716037505,4,はん用機械器具製造業,02平均以下
716057493,12,印刷・同関連業,02平均以下
716096634,5,鉄鋼業,02平均以下
716110468,7,はん用機械器具製造業,02平均以下
716122354,5,パルプ・紙・紙加工品製造業,02平均以下
716144082,23,はん用機械器具製造業,02平均以下
716399816,162,はん用機械器具製造業,01平均超
716643011,5,はん用機械器具製造業,02平均以下
716811585,4,プラスチック製品製造業（別掲を除く）,02平均以下
716841352,1,金属製品製造業,02平均以下
716881284,57,ゴム製品製造業,01平均超
716891923,35,プラスチック製品製造業（別掲を除く）,01平均超
716911446,35,はん用機械器具製造業,01平均超
716931252,21,金属製品製造業,01平均超
716932193,5,その他の製造業,02平均以下
716956749,0,木材・木製品製造業（家具を除く）,02平均以下
716957925,6,パルプ・紙・紙加工品製造業,02平均以下
716962374,6,その他の製造業,02平均以下
724320190,4,生産用機械器具製造業,02平均以下
726164394,2,金属製品製造業,02平均以下
726652236,4,生産用機械器具製造業,02平均以下
727319259,1,プラスチック製品製造業（別掲を除く）,02平均以下
727324330,1,輸送用機械器具製造業,02平均以下
737324452,47,金属製品製造業,01平均超
743320646,35,電気機械器具製造業,02平均以下
744320592,1,食料品製造業,02平均以下
748328190,1,食料品製造業,02平均以下
749329390,9,生産用機械器具製造業,02平均以下
753313228,0,食料品製造業,02平均以下
753328746,10,輸送用機械器具製造業,02平均以下
756000679,15,生産用機械器具製造業,02平均以下
756001442,2,生産用機械器具製造業,02平均以下
756002040,1,輸送用機械器具製造業,02平均以下
756002087,13,はん用機械器具製造業,02平均以下
756002148,4,食料品製造業,02平均以下
756002265,3,金属製品製造業,02平均以下
756002417,1,はん用機械器具製造業,02平均以下
756002594,26,輸送用機械器具製造業,01平均超
756002911,75,電気機械器具製造業,01平均超
756003386,10,繊維工業,02平均以下
756003404,10,はん用機械器具製造業,02平均以下
756004081,1,その他の製造業,02平均以下
756004194,5,その他の製造業,02平均以下
756004359,1,化学工業,02平均以下
756004706,8,電気機械器具製造業,02平均以下
756004919,3,金属製品製造業,02平均以下
756005444,20,生産用機械器具製造業,01平均超
756006585,4,輸送用機械器具製造業,02平均以下
756006593,3,印刷・同関連業,02平均以下
756006890,5,電気機械器具製造業,02平均以下
756007027,1,非鉄金属製造業,02平均以下
756007055,6,はん用機械器具製造業,02平均以下
756007250,3,食料品製造業,02平均以下
756007725,6,生産用機械器具製造業,02平均以下
756007861,50,化学工業,01平均超
756007889,7,金属製品製造業,02平均以下
756007949,1,金属製品製造業,02平均以下
756008084,15,プラスチック製品製造業（別掲を除く）,02平均以下
756008225,195,はん用機械器具製造業,01平均超
756008683,1,繊維工業,02平均以下
756008906,32,家具・装備品製造業,01平均超
756008982,1,繊維工業,02平均以下
756009461,4,はん用機械器具製造業,02平均以下
756009617,0,金属製品製造業,02平均以下
756010012,2,繊維工業,02平均以下
756010302,3,生産用機械器具製造業,02平均以下
756010382,5,金属製品製造業,02平均以下
756010565,2,はん用機械器具製造業,02平均以下
756010959,5,金属製品製造業,02平均以下
756011206,4,金属製品製造業,02平均以下
756011335,3,電気機械器具製造業,02平均以下
756011523,13,窯業・土石製品製造業,02平均以下
756011793,5,繊維工業,02平均以下
756012151,8,電気機械器具製造業,02平均以下
756012180,4,飲料・たばこ・飼料製造業,02平均以下
756012252,5,生産用機械器具製造業,02平均以下
756012262,11,輸送用機械器具製造業,02平均以下
756012366,1,はん用機械器具製造業,02平均以下
756012503,13,プラスチック製品製造業（別掲を除く）,02平均以下
756013032,1,家具・装備品製造業,02平均以下
756013044,35,電子部品・デバイス・電子回路製造業,02平均以下
756013142,16,はん用機械器具製造業,02平均以下
756013585,24,はん用機械器具製造業,02平均以下
756013951,54,業務用機械器具製造業,01平均超
756014016,4,繊維工業,02平均以下
756014390,0,パルプ・紙・紙加工品製造業,02平均以下
756014534,9,家具・装備品製造業,02平均以下
756014542,2,金属製品製造業,02平均以下
756015214,40,食料品製造業,01平均超
756015406,10,輸送用機械器具製造業,02平均以下
756016862,4,印刷・同関連業,02平均以下
756017312,10,化学工業,02平均以下
756017685,1,金属製品製造業,02平均以下
756017891,55,パルプ・紙・紙加工品製造業,01平均超
756018110,88,繊維工業,01平均超
756018303,0,プラスチック製品製造業（別掲を除く）,02平均以下
756018765,2,化学工業,02平均以下
756018816,3,生産用機械器具製造業,02平均以下
756020414,4,電気機械器具製造業,02平均以下
756021142,5,その他の製造業,02平均以下
756021163,22,生産用機械器具製造業,01平均超
756021588,65,繊維工業,01平均超
756022343,15,印刷・同関連業,02平均以下
756022862,0,電気機械器具製造業,02平均以下
756023117,67,電気機械器具製造業,01平均超
756023486,21,プラスチック製品製造業（別掲を除く）,01平均超
756023985,8,生産用機械器具製造業,02平均以下
756024654,2,電気機械器具製造業,02平均以下
756024692,0,その他の製造業,02平均以下
756024864,0,金属製品製造業,02平均以下
756024870,3,プラスチック製品製造業（別掲を除く）,02平均以下
756024882,10,繊維工業,02平均以下
756024953,110,プラスチック製品製造業（別掲を除く）,01平均超
756025136,22,金属製品製造業,01平均超
756025622,35,はん用機械器具製造業,01平均超
756026113,6,プラスチック製品製造業（別掲を除く）,02平均以下
756026130,5,業務用機械器具製造業,02平均以下
756026374,2,窯業・土石製品製造業,02平均以下
756026473,3,金属製品製造業,02平均以下
756026507,47,輸送用機械器具製造業,01平均超
756026766,24,電子部品・デバイス・電子回路製造業,02平均以下
756027044,20,はん用機械器具製造業,02平均以下
756028341,2,鉄鋼業,02平均以下
756028500,2,はん用機械器具製造業,02平均以下
756028617,15,はん用機械器具製造業,02平均以下
756028778,46,生産用機械器具製造業,01平均超
756029214,0,はん用機械器具製造業,02平均以下
756029318,9,印刷・同関連業,02平均以下
756029576,3,生産用機械器具製造業,02平均以下
756029768,14,生産用機械器具製造業,02平均以下
756030824,0,金属製品製造業,02平均以下
756030980,6,食料品製造業,02平均以下
756031011,2,はん用機械器具製造業,02平均以下
756031592,0,食料品製造業,02平均以下
756031663,15,食料品製造業,02平均以下
756031700,5,食料品製造業,02平均以下
756031742,19,プラスチック製品製造業（別掲を除く）,02平均以下
756032580,20,金属製品製造業,01平均超
756033035,5,電気機械器具製造業,02平均以下
756033438,3,はん用機械器具製造業,02平均以下
756033494,5,電気機械器具製造業,02平均以下
756033920,4,プラスチック製品製造業（別掲を除く）,02平均以下
756034868,4,業務用機械器具製造業,02平均以下
756034923,1,輸送用機械器具製造業,02平均以下
756036190,43,窯業・土石製品製造業,01平均超
756036235,4,金属製品製造業,02平均以下
756036321,25,金属製品製造業,01平均超
756037344,3,業務用機械器具製造業,02平均以下
756037402,5,金属製品製造業,02平均以下
756037518,3,繊維工業,02平均以下
756037583,3,金属製品製造業,02平均以下
756038241,1,生産用機械器具製造業,02平均以下
756039000,10,はん用機械器具製造業,02平均以下
756039652,0,金属製品製造業,02平均以下
756039856,7,生産用機械器具製造業,02平均以下
756040661,45,はん用機械器具製造業,01平均超
756041157,1,繊維工業,02平均以下
756041722,1,金属製品製造業,02平均以下
756041967,2,生産用機械器具製造業,02平均以下
756042134,3,情報通信機械器具製造業,02平均以下
756042664,6,窯業・土石製品製造業,02平均以下
756042997,3,金属製品製造業,02平均以下
756043387,23,生産用機械器具製造業,01平均超
756044269,3,食料品製造業,02平均以下
756044988,1,電気機械器具製造業,02平均以下
756045284,19,印刷・同関連業,01平均超
756045712,3,金属製品製造業,02平均以下
756045741,10,電子部品・デバイス・電子回路製造業,02平均以下
756045765,50,飲料・たばこ・飼料製造業,01平均超
756046680,14,金属製品製造業,02平均以下
756046846,4,繊維工業,02平均以下
756047132,17,電気機械器具製造業,02平均以下
756048116,1,金属製品製造業,02平均以下
756048135,23,家具・装備品製造業,02平均以下
756048842,0,輸送用機械器具製造業,02平均以下
756048907,0,生産用機械器具製造業,02平均以下
756049098,0,金属製品製造業,02平均以下
756049212,11,パルプ・紙・紙加工品製造業,02平均以下
756049253,5,なめし革・同製品・毛皮製造業,02平均以下
756049471,2,はん用機械器具製造業,02平均以下
756049848,2,食料品製造業,02平均以下
756050274,2,電気機械器具製造業,02平均以下
756050387,2,金属製品製造業,02平均以下
756052009,2,ゴム製品製造業,02平均以下
756052051,0,金属製品製造業,02平均以下
756052358,1,プラスチック製品製造業（別掲を除く）,02平均以下
756052382,3,金属製品製造業,02平均以下
756052684,0,金属製品製造業,02平均以下
756052850,20,印刷・同関連業,01平均超
756053382,1,電子部品・デバイス・電子回路製造業,02平均以下
756054015,9,プラスチック製品製造業（別掲を除く）,02平均以下
756054059,15,木材・木製品製造業（家具を除く）,01平均超
756054252,10,電子部品・デバイス・電子回路製造業,02平均以下
756054305,10,情報通信機械器具製造業,01平均超
756055181,2,業務用機械器具製造業,02平均以下
756055688,11,電気機械器具製造業,02平均以下
756055911,12,金属製品製造業,02平均以下
756055982,1,生産用機械器具製造業,02平均以下
756056234,7,金属製品製造業,02平均以下
756056394,6,金属製品製造業,02平均以下
756056552,2,情報通信機械器具製造業,02平均以下
756056595,2,印刷・同関連業,02平均以下
756057393,31,プラスチック製品製造業（別掲を除く）,01平均超
756057702,8,はん用機械器具製造業,02平均以下
756057886,0,電気機械器具製造業,02平均以下
756057961,2,その他の製造業,02平均以下
756058227,12,生産用機械器具製造業,02平均以下
756058452,22,業務用機械器具製造業,01平均超
756058509,8,プラスチック製品製造業（別掲を除く）,02平均以下
756058717,3,生産用機械器具製造業,02平均以下
756058859,15,繊維工業,02平均以下
756059173,17,生産用機械器具製造業,02平均以下
756059259,58,繊維工業,01平均超
756059302,10,輸送用機械器具製造業,02平均以下
756059878,0,金属製品製造業,02平均以下
756060055,7,生産用機械器具製造業,02平均以下
756060490,4,金属製品製造業,02平均以下
756060567,18,はん用機械器具製造業,02平均以下
756060810,14,その他の製造業,02平均以下
756061051,5,輸送用機械器具製造業,02平均以下
756062014,10,木材・木製品製造業（家具を除く）,02平均以下
756062085,8,鉄鋼業,02平均以下
756062280,35,その他の製造業,01平均超
756062415,1,はん用機械器具製造業,02平均以下
756062584,3,食料品製造業,02平均以下
756062792,15,はん用機械器具製造業,02平均以下
756063519,10,輸送用機械器具製造業,02平均以下
756063578,33,電気機械器具製造業,02平均以下
756063941,0,繊維工業,02平均以下
756064709,5,生産用機械器具製造業,02平均以下
756064878,12,金属製品製造業,02平均以下
756065560,5,金属製品製造業,02平均以下
756065624,1,ゴム製品製造業,02平均以下
756065800,1,食料品製造業,02平均以下
756066152,12,電気機械器具製造業,02平均以下
756066388,7,金属製品製造業,02平均以下
756067442,12,繊維工業,02平均以下
756067541,2,繊維工業,02平均以下
756068713,46,生産用機械器具製造業,01平均超
756068748,0,窯業・土石製品製造業,02平均以下
756069113,7,その他の製造業,02平均以下
756071060,8,繊維工業,02平均以下
756071322,1682,その他の製造業,01平均超
756072610,2,繊維工業,02平均以下
756072950,2,生産用機械器具製造業,02平均以下
756073846,80,飲料・たばこ・飼料製造業,01平均超
756073984,5,金属製品製造業,02平均以下
756074170,10,金属製品製造業,02平均以下
756074268,0,その他の製造業,02平均以下
756074533,1,映像・音声・文字情報制作業,02平均以下
756075051,10,その他の製造業,02平均以下
756075213,25,その他の製造業,02平均以下
756075423,4,木材・木製品製造業（家具を除く）,02平均以下
756075918,3,印刷・同関連業,02平均以下
756076211,58,繊維工業,01平均超
756076300,35,木材・木製品製造業（家具を除く）,01平均超
756076404,31,鉄鋼業,01平均超
756076419,8,はん用機械器具製造業,02平均以下
756076478,6,電子部品・デバイス・電子回路製造業,02平均以下
756077556,3,はん用機械器具製造業,02平均以下
756078108,8,はん用機械器具製造業,02平均以下
756078245,0,プラスチック製品製造業（別掲を除く）,02平均以下
756078497,0,その他の製造業,02平均以下
756078873,2,その他の製造業,02平均以下
756079194,20,プラスチック製品製造業（別掲を除く）,01平均超
756079256,0,木材・木製品製造業（家具を除く）,02平均以下
756079315,10,プラスチック製品製造業（別掲を除く）,02平均以下
756079557,44,繊維工業,01平均超
756079612,3,はん用機械器具製造業,02平均以下
756079874,5,食料品製造業,02平均以下
756080478,5,窯業・土石製品製造業,02平均以下
756082119,2,業務用機械器具製造業,02平均以下
756082214,10,その他の製造業,02平均以下
756082441,4,業務用機械器具製造業,02平均以下
756084397,380,はん用機械器具製造業,01平均超
756084939,4,金属製品製造業,02平均以下
756084996,5,情報通信機械器具製造業,02平均以下
756085147,17,はん用機械器具製造業,02平均以下
756085541,64,パルプ・紙・紙加工品製造業,01平均超
756086312,15,窯業・土石製品製造業,02平均以下
756086382,19,その他の製造業,02平均以下
756086410,0,金属製品製造業,02平均以下
756087005,0,その他の製造業,02平均以下
756087830,33,はん用機械器具製造業,01平均超
756088058,3,金属製品製造業,02平均以下
756088797,5,電気機械器具製造業,02平均以下
756089961,3,はん用機械器具製造業,02平均以下
756089975,31,生産用機械器具製造業,01平均超
756090213,60,輸送用機械器具製造業,01平均超
756090324,0,木材・木製品製造業（家具を除く）,02平均以下
756090512,1,電気機械器具製造業,02平均以下
756090568,21,金属製品製造業,01平均超
756090721,3,印刷・同関連業,02平均以下
756090822,10,金属製品製造業,02平均以下
756090893,7,窯業・土石製品製造業,02平均以下
756091022,0,金属製品製造業,02平均以下
756091408,1,繊維工業,02平均以下
756091692,10,電気機械器具製造業,02平均以下
756091979,17,その他の製造業,02平均以下
756092612,14,金属製品製造業,02平均以下
756092677,1,電気機械器具製造業,02平均以下
756092880,10,生産用機械器具製造業,02平均以下
756093045,2,繊維工業,02平均以下
756093128,6,繊維工業,02平均以下
756093366,15,繊維工業,02平均以下
756093560,1,食料品製造業,02平均以下
756093800,15,なめし革・同製品・毛皮製造業,01平均超
756094632,4,輸送用機械器具製造業,02平均以下
756094722,6,生産用機械器具製造業,02平均以下
756095259,0,食料品製造業,02平均以下
756095302,2,金属製品製造業,02平均以下
756095329,5,繊維工業,02平均以下
756095539,25,はん用機械器具製造業,02平均以下
756095646,10,はん用機械器具製造業,02平均以下
756095819,3,金属製品製造業,02平均以下
756096236,3,電気機械器具製造業,02平均以下
756096292,0,繊維工業,02平均以下
756096817,9,電気機械器具製造業,02平均以下
756097316,0,はん用機械器具製造業,02平均以下
756097714,7,家具・装備品製造業,02平均以下
756097857,152,電子部品・デバイス・電子回路製造業,01平均超
756097902,12,生産用機械器具製造業,02平均以下
756098406,13,生産用機械器具製造業,02平均以下
756098554,2,その他の製造業,02平均以下
756098635,18,はん用機械器具製造業,02平均以下
756098786,12,その他の製造業,02平均以下
756098956,3,印刷・同関連業,02平均以下
756099210,170,食料品製造業,01平均超
756099436,5,はん用機械器具製造業,02平均以下
756300740,2,電気機械器具製造業,02平均以下
756300920,10,家具・装備品製造業,02平均以下
756301005,1,生産用機械器具製造業,02平均以下
756301636,0,生産用機械器具製造業,02平均以下
756301683,2,化学工業,02平均以下
756301813,40,繊維工業,01平均超
756302273,4,プラスチック製品製造業（別掲を除く）,02平均以下
756302470,25,生産用機械器具製造業,01平均超
756302592,6,金属製品製造業,02平均以下
756302765,1,家具・装備品製造業,02平均以下
756302816,2,繊維工業,02平均以下
756303393,7,窯業・土石製品製造業,02平均以下
756304386,11,電気機械器具製造業,02平均以下
756304749,4,生産用機械器具製造業,02平均以下
756305058,18,金属製品製造業,02平均以下
756305090,55,プラスチック製品製造業（別掲を除く）,01平均超
756305122,4,食料品製造業,02平均以下
756305232,53,はん用機械器具製造業,01平均超
756305244,18,家具・装備品製造業,02平均以下
756305453,16,プラスチック製品製造業（別掲を除く）,02平均以下
756305570,8,プラスチック製品製造業（別掲を除く）,02平均以下
756305878,8,はん用機械器具製造業,02平均以下
756305947,4,食料品製造業,02平均以下
756306416,25,生産用機械器具製造業,01平均超
756306710,6,化学工業,02平均以下
756306873,10,印刷・同関連業,02平均以下
756308070,3,金属製品製造業,02平均以下
756308554,32,プラスチック製品製造業（別掲を除く）,01平均超
756309362,21,生産用機械器具製造業,01平均超
756310340,5,プラスチック製品製造業（別掲を除く）,02平均以下
756310395,1,その他の製造業,02平均以下
756310648,28,食料品製造業,01平均超
756310912,1,食料品製造業,02平均以下
756311249,5,業務用機械器具製造業,02平均以下
756311360,4,生産用機械器具製造業,02平均以下
756311634,1,繊維工業,02平均以下
756311668,44,電気機械器具製造業,01平均超
756311995,5,飲料・たばこ・飼料製造業,02平均以下
756312074,1,食料品製造業,02平均以下
756312324,30,金属製品製造業,01平均超
756312832,7,金属製品製造業,02平均以下
756313114,0,はん用機械器具製造業,02平均以下
756313442,12,食料品製造業,02平均以下
756313794,1,食料品製造業,02平均以下
756314238,3,家具・装備品製造業,02平均以下
756314974,2,生産用機械器具製造業,02平均以下
756315004,1,家具・装備品製造業,02平均以下
756315078,5,業務用機械器具製造業,02平均以下
756315290,6,窯業・土石製品製造業,02平均以下
756315342,6,その他の製造業,02平均以下
756315561,0,生産用機械器具製造業,02平均以下
756315714,17,繊維工業,01平均超
756316031,0,生産用機械器具製造業,02平均以下
756316225,1,はん用機械器具製造業,02平均以下
756316307,10,ゴム製品製造業,02平均以下
756316414,8,生産用機械器具製造業,02平均以下
756316521,3,電気機械器具製造業,02平均以下
756316683,8,金属製品製造業,02平均以下
756317018,1,金属製品製造業,02平均以下
756317366,0,食料品製造業,02平均以下
756317961,2,生産用機械器具製造業,02平均以下
756318832,3,金属製品製造業,02平均以下
756318859,2,プラスチック製品製造業（別掲を除く）,02平均以下
756319037,15,金属製品製造業,02平均以下
756319117,120,繊維工業,01平均超
756319367,3,窯業・土石製品製造業,02平均以下
756319735,26,金属製品製造業,01平均超
756319878,9,食料品製造業,02平均以下
756319887,10,金属製品製造業,02平均以下
756320039,0,金属製品製造業,02平均以下
756320931,18,非鉄金属製造業,02平均以下
756321337,3,金属製品製造業,02平均以下
756321945,1,飲料・たばこ・飼料製造業,02平均以下
756322165,3,生産用機械器具製造業,02平均以下
756322304,21,非鉄金属製造業,02平均以下
756323587,6,電気機械器具製造業,02平均以下
756323669,102,金属製品製造業,01平均超
756324058,0,情報通信機械器具製造業,02平均以下
756324244,0,印刷・同関連業,02平均以下
756324434,1,家具・装備品製造業,02平均以下
756324646,1,食料品製造業,02平均以下
756324774,6,輸送用機械器具製造業,02平均以下
756324922,3,パルプ・紙・紙加工品製造業,02平均以下
756325092,5,はん用機械器具製造業,02平均以下
756325467,3,食料品製造業,02平均以下
756325938,72,食料品製造業,01平均超
756326677,0,食料品製造業,02平均以下
756326809,19,生産用機械器具製造業,01平均超
756327723,38,パルプ・紙・紙加工品製造業,01平均超
756327831,1,輸送用機械器具製造業,02平均以下
756327849,1,パルプ・紙・紙加工品製造業,02平均以下
756328223,4,はん用機械器具製造業,02平均以下
756328356,4,電気機械器具製造業,02平均以下
756329052,1,金属製品製造業,02平均以下
756329087,4,輸送用機械器具製造業,02平均以下
756329206,3,鉄鋼業,02平均以下
756329456,2,繊維工業,02平均以下
756330960,158,繊維工業,01平均超
756332278,3,はん用機械器具製造業,02平均以下
756332295,1,生産用機械器具製造業,02平均以下
756333088,9,金属製品製造業,02平均以下
756333730,1,非鉄金属製造業,02平均以下
756334016,3,業務用機械器具製造業,02平均以下
756334213,14,印刷・同関連業,02平均以下
756334778,9,家具・装備品製造業,02平均以下
756335208,2,金属製品製造業,02平均以下
756336260,3,繊維工業,02平均以下
756337334,25,金属製品製造業,01平均超
756337353,40,プラスチック製品製造業（別掲を除く）,01平均超
756337509,200,金属製品製造業,01平均超
756338110,4,生産用機械器具製造業,02平均以下
756338284,8,金属製品製造業,02平均以下
756338402,0,はん用機械器具製造業,02平均以下
756338828,2,金属製品製造業,02平均以下
756339022,11,生産用機械器具製造業,02平均以下
756339811,1,生産用機械器具製造業,02平均以下
756339882,10,金属製品製造業,02平均以下
756340408,1,はん用機械器具製造業,02平均以下
756340692,0,生産用機械器具製造業,02平均以下
756340912,8,プラスチック製品製造業（別掲を除く）,02平均以下
756341606,8,木材・木製品製造業（家具を除く）,02平均以下
756341755,4,生産用機械器具製造業,02平均以下
756342220,0,その他の製造業,02平均以下
756342579,1,化学工業,02平均以下
756343065,3,金属製品製造業,02平均以下
756343329,6,家具・装備品製造業,02平均以下
756343354,11,輸送用機械器具製造業,02平均以下
756343623,5,食料品製造業,02平均以下
756343728,11,はん用機械器具製造業,02平均以下
756343947,0,金属製品製造業,02平均以下
756344071,10,金属製品製造業,02平均以下
756344602,55,輸送用機械器具製造業,01平均超
756346062,15,食料品製造業,02平均以下
756347059,35,電気機械器具製造業,02平均以下
756347492,72,電子部品・デバイス・電子回路製造業,02平均以下
756347806,1,化学工業,02平均以下
756348945,4,木材・木製品製造業（家具を除く）,02平均以下
756349285,30,生産用機械器具製造業,01平均超
756350511,2,その他の製造業,02平均以下
756350908,1,その他の製造業,02平均以下
756351052,1,電子部品・デバイス・電子回路製造業,02平均以下
756351270,0,生産用機械器具製造業,02平均以下
756351440,7,はん用機械器具製造業,02平均以下
756351563,8,パルプ・紙・紙加工品製造業,02平均以下
756352261,21,金属製品製造業,01平均超
756352748,5,電気機械器具製造業,02平均以下
756353093,1014,電気機械器具製造業,01平均超
756353321,10,家具・装備品製造業,02平均以下
756353460,0,生産用機械器具製造業,02平均以下
756354086,70,はん用機械器具製造業,01平均超
756354339,34,はん用機械器具製造業,01平均超
756354355,30,輸送用機械器具製造業,01平均超
756354619,3,生産用機械器具製造業,02平均以下
756354926,2,その他の製造業,02平均以下
756355536,2,輸送用機械器具製造業,02平均以下
756355569,15,繊維工業,02平均以下
756356214,2,その他の製造業,02平均以下
756357016,0,飲料・たばこ・飼料製造業,02平均以下
756357097,10,はん用機械器具製造業,02平均以下
756357126,3,繊維工業,02平均以下
756357525,0,パルプ・紙・紙加工品製造業,02平均以下
756357542,3,プラスチック製品製造業（別掲を除く）,02平均以下
756358116,8,はん用機械器具製造業,02平均以下
756358314,5,金属製品製造業,02平均以下
756358591,16,窯業・土石製品製造業,02平均以下
756359361,29,パルプ・紙・紙加工品製造業,01平均超
756359422,2,食料品製造業,02平均以下
756359791,8,金属製品製造業,02平均以下
756359876,15,食料品製造業,02平均以下
756360405,3,はん用機械器具製造業,02平均以下
756360538,1,家具・装備品製造業,02平均以下
756360943,16,鉄鋼業,01平均超
756361032,1,はん用機械器具製造業,02平均以下
756361472,200,金属製品製造業,01平均超
756361483,2,繊維工業,02平均以下
756362582,0,電気機械器具製造業,02平均以下
756362862,0,金属製品製造業,02平均以下
756363039,2,木材・木製品製造業（家具を除く）,02平均以下
756363070,2,輸送用機械器具製造業,02平均以下
756363490,0,生産用機械器具製造業,02平均以下
756364022,0,食料品製造業,02平均以下
756364450,25,その他の製造業,02平均以下
756364521,5,電気機械器具製造業,02平均以下
756364703,15,プラスチック製品製造業（別掲を除く）,02平均以下
756364759,37,金属製品製造業,01平均超
756364979,3,飲料・たばこ・飼料製造業,02平均以下
756365028,40,生産用機械器具製造業,01平均超
756365172,9,繊維工業,02平均以下
756365721,1,生産用機械器具製造業,02平均以下
756365808,714,家具・装備品製造業,01平均超
756366452,20,電気機械器具製造業,02平均以下
756366487,1,家具・装備品製造業,02平均以下
756366722,1,繊維工業,02平均以下
756367321,3,電気機械器具製造業,02平均以下
756367602,16,化学工業,02平均以下
756367912,0,電気機械器具製造業,02平均以下
756368132,2,電子部品・デバイス・電子回路製造業,02平均以下
756368364,0,プラスチック製品製造業（別掲を除く）,02平均以下
756368442,354,生産用機械器具製造業,01平均超
756368633,0,食料品製造業,02平均以下
756369146,1,プラスチック製品製造業（別掲を除く）,02平均以下
756369222,47,印刷・同関連業,01平均超
756369332,2,はん用機械器具製造業,02平均以下
756370572,6,はん用機械器具製造業,02平均以下
756370835,1,食料品製造業,02平均以下
756370933,31,家具・装備品製造業,01平均超
756371201,2,電気機械器具製造業,02平均以下
756371805,3,金属製品製造業,02平均以下
756372876,4,窯業・土石製品製造業,02平均以下
756374567,411,食料品製造業,01平均超
756375032,3,はん用機械器具製造業,02平均以下
756375223,65,生産用機械器具製造業,01平均超
756375289,4,繊維工業,02平均以下
756375384,0,電気機械器具製造業,02平均以下
756376219,0,印刷・同関連業,02平均以下
756376262,1,金属製品製造業,02平均以下
756376702,5,食料品製造業,02平均以下
756377330,0,パルプ・紙・紙加工品製造業,02平均以下
756377367,5,金属製品製造業,02平均以下
756377878,200,はん用機械器具製造業,01平均超
756377887,9,印刷・同関連業,02平均以下
756379192,4,電子部品・デバイス・電子回路製造業,02平均以下
756380385,85,金属製品製造業,01平均超
756381412,8,電気機械器具製造業,02平均以下
756381499,42,繊維工業,01平均超
756381543,28,業務用機械器具製造業,01平均超
756382747,22,食料品製造業,01平均超
756382902,5,はん用機械器具製造業,02平均以下
756382996,2,輸送用機械器具製造業,02平均以下
756383270,41,食料品製造業,01平均超
756383563,1,生産用機械器具製造業,02平均以下
756383798,3,プラスチック製品製造業（別掲を除く）,02平均以下
756384816,0,電気機械器具製造業,02平均以下
756385137,14,プラスチック製品製造業（別掲を除く）,02平均以下
756385319,1,業務用機械器具製造業,02平均以下
756385321,5,食料品製造業,02平均以下
756385460,17,木材・木製品製造業（家具を除く）,01平均超
756386100,22,その他の製造業,02平均以下
756386483,3,繊維工業,02平均以下
756386550,15,生産用機械器具製造業,02平均以下
756386781,1,食料品製造業,02平均以下
756386812,10,食料品製造業,02平均以下
756387406,41,はん用機械器具製造業,01平均超
756387482,1,化学工業,02平均以下
756387490,3,印刷・同関連業,02平均以下
756387529,0,業務用機械器具製造業,02平均以下
756387635,4,金属製品製造業,02平均以下
756388062,1,繊維工業,02平均以下
756388982,10,はん用機械器具製造業,02平均以下
756389407,38,はん用機械器具製造業,01平均超
756389901,3,生産用機械器具製造業,02平均以下
756390754,1,輸送用機械器具製造業,02平均以下
756390963,46,窯業・土石製品製造業,01平均超
756390997,3,金属製品製造業,02平均以下
756391392,318,金属製品製造業,01平均超
756391697,5,はん用機械器具製造業,02平均以下
756392300,30,はん用機械器具製造業,01平均超
756392859,2,はん用機械器具製造業,02平均以下
756393213,28,金属製品製造業,01平均超
756393446,4,生産用機械器具製造業,02平均以下
756393656,3,印刷・同関連業,02平均以下
756393957,7,鉄鋼業,02平均以下
756394036,0,はん用機械器具製造業,02平均以下
756394262,3,その他の製造業,02平均以下
756394393,74,業務用機械器具製造業,01平均超
756394402,0,金属製品製造業,02平均以下
756394588,50,金属製品製造業,01平均超
756394612,3,食料品製造業,02平均以下
756394853,1,はん用機械器具製造業,02平均以下
756394938,1055,はん用機械器具製造業,01平均超
756395182,6,その他の製造業,02平均以下
756395485,3,金属製品製造業,02平均以下
756395601,25,プラスチック製品製造業（別掲を除く）,01平均超
756396050,9,飲料・たばこ・飼料製造業,02平均以下
756397146,0,金属製品製造業,02平均以下
756397175,8,繊維工業,02平均以下
756397256,25,その他の製造業,02平均以下
756397592,21,プラスチック製品製造業（別掲を除く）,01平均超
756398498,5,金属製品製造業,02平均以下
756398523,2,パルプ・紙・紙加工品製造業,02平均以下
756398747,3,繊維工業,02平均以下
756398982,15,生産用機械器具製造業,02平均以下
756399034,3,生産用機械器具製造業,02平均以下
756399108,3,はん用機械器具製造業,02平均以下
756399132,92,食料品製造業,01平均超
756399185,5,はん用機械器具製造業,02平均以下
756399257,7,食料品製造業,02平均以下
756399512,4057,電子部品・デバイス・電子回路製造業,01平均超
756602012,11,木材・木製品製造業（家具を除く）,02平均以下
756602582,3,印刷・同関連業,02平均以下
756602610,7,家具・装備品製造業,02平均以下
756604062,4,電気機械器具製造業,02平均以下
756604268,1,食料品製造業,02平均以下
756604277,0,はん用機械器具製造業,02平均以下
756604299,1,食料品製造業,02平均以下
756604881,1,生産用機械器具製造業,02平均以下
756605202,2,家具・装備品製造業,02平均以下
756605752,69,繊維工業,01平均超
756606202,23,木材・木製品製造業（家具を除く）,01平均超
756607032,20,プラスチック製品製造業（別掲を除く）,01平均超
756607066,2,非鉄金属製造業,02平均以下
756607228,34,食料品製造業,01平均超
756607362,0,金属製品製造業,02平均以下
756607395,25,印刷・同関連業,01平均超
756607613,28,家具・装備品製造業,01平均超
756607630,1,ゴム製品製造業,02平均以下
756607745,6,食料品製造業,02平均以下
756607912,0,電子部品・デバイス・電子回路製造業,02平均以下
756608166,65,印刷・同関連業,01平均超
756608302,8,金属製品製造業,02平均以下
756608364,30,印刷・同関連業,01平均超
756608565,40,繊維工業,01平均超
756608590,11,プラスチック製品製造業（別掲を除く）,02平均以下
756608789,8,はん用機械器具製造業,02平均以下
756609054,5,食料品製造業,02平均以下
756609152,3,業務用機械器具製造業,02平均以下
756609995,12,電気機械器具製造業,02平均以下
756610233,11,生産用機械器具製造業,02平均以下
756610526,7,食料品製造業,02平均以下
756611511,34,はん用機械器具製造業,01平均超
756613075,30,印刷・同関連業,01平均超
756614464,1,業務用機械器具製造業,02平均以下
756615517,5,金属製品製造業,02平均以下
756617070,1,金属製品製造業,02平均以下
756617285,10,はん用機械器具製造業,02平均以下
756617768,15,はん用機械器具製造業,02平均以下
756618049,5,食料品製造業,02平均以下
756618876,8,情報通信機械器具製造業,01平均超
756618912,2,繊維工業,02平均以下
756618924,29,飲料・たばこ・飼料製造業,01平均超
756619324,26,食料品製造業,01平均超
756620025,15,金属製品製造業,02平均以下
756620150,140,プラスチック製品製造業（別掲を除く）,01平均超
756620382,4,電気機械器具製造業,02平均以下
756620873,36,パルプ・紙・紙加工品製造業,01平均超
756620898,0,電気機械器具製造業,02平均以下
756621279,18,繊維工業,01平均超
756621484,3,金属製品製造業,02平均以下
756622572,6,鉄鋼業,02平均以下
756622665,7,輸送用機械器具製造業,02平均以下
756625027,4,食料品製造業,02平均以下
756625214,4,印刷・同関連業,02平均以下
756625372,6,電子部品・デバイス・電子回路製造業,02平均以下
756625406,24,はん用機械器具製造業,02平均以下
756625554,63,金属製品製造業,01平均超
756625807,40,印刷・同関連業,01平均超
756625846,0,生産用機械器具製造業,02平均以下
756627282,7,生産用機械器具製造業,02平均以下
756627377,18,飲料・たばこ・飼料製造業,01平均超
756627762,1,金属製品製造業,02平均以下
756627773,2,金属製品製造業,02平均以下
756627784,3,プラスチック製品製造業（別掲を除く）,02平均以下
756629112,1,窯業・土石製品製造業,02平均以下
756629701,25,印刷・同関連業,01平均超
756670716,0,プラスチック製品製造業（別掲を除く）,02平均以下
756671052,7,電気機械器具製造業,02平均以下
756671101,34,はん用機械器具製造業,01平均超
756673112,35,金属製品製造業,01平均超
756673692,0,金属製品製造業,02平均以下
756674025,1,はん用機械器具製造業,02平均以下
756674898,24,はん用機械器具製造業,02平均以下
756674903,0,印刷・同関連業,02平均以下
756675520,10,はん用機械器具製造業,02平均以下
756800255,9,電気機械器具製造業,02平均以下
756800300,50,プラスチック製品製造業（別掲を除く）,01平均超
756800705,0,金属製品製造業,02平均以下
756801190,6,金属製品製造業,02平均以下
756801692,3,生産用機械器具製造業,02平均以下
756801855,4,家具・装備品製造業,02平均以下
756802554,9,飲料・たばこ・飼料製造業,02平均以下
756803987,1,印刷・同関連業,02平均以下
756804033,30,生産用機械器具製造業,01平均超
756804129,7,電気機械器具製造業,02平均以下
756804417,14,金属製品製造業,02平均以下
756804456,3,生産用機械器具製造業,02平均以下
756805537,47,家具・装備品製造業,01平均超
756805960,3,はん用機械器具製造業,02平均以下
756806719,12,家具・装備品製造業,02平均以下
756807299,42,プラスチック製品製造業（別掲を除く）,01平均超
756807408,0,印刷・同関連業,02平均以下
756808162,7,電気機械器具製造業,02平均以下
756808400,8,金属製品製造業,02平均以下
756808412,21,はん用機械器具製造業,02平均以下
756808742,1,食料品製造業,02平均以下
756808947,3,非鉄金属製造業,02平均以下
756809116,3,窯業・土石製品製造業,02平均以下
756809287,160,繊維工業,01平均超
756809476,40,プラスチック製品製造業（別掲を除く）,01平均超
756810088,4,金属製品製造業,02平均以下
756810305,1,金属製品製造業,02平均以下
756810472,0,輸送用機械器具製造業,02平均以下
756810611,0,木材・木製品製造業（家具を除く）,02平均以下
756810916,4,電気機械器具製造業,02平均以下
756811357,29,プラスチック製品製造業（別掲を除く）,01平均超
756811768,2,輸送用機械器具製造業,02平均以下
756812101,2,電子部品・デバイス・電子回路製造業,02平均以下
756812172,37,その他の製造業,01平均超
756812386,10,輸送用機械器具製造業,02平均以下
756812705,17,食料品製造業,02平均以下
756812749,3,輸送用機械器具製造業,02平均以下
756813051,0,家具・装備品製造業,02平均以下
756813097,25,電子部品・デバイス・電子回路製造業,02平均以下
756813379,4,輸送用機械器具製造業,02平均以下
756813945,2,金属製品製造業,02平均以下
756814385,3,食料品製造業,02平均以下
756814825,0,食料品製造業,02平均以下
756815049,4,はん用機械器具製造業,02平均以下
756815346,11,金属製品製造業,02平均以下
756815408,5,業務用機械器具製造業,02平均以下
756815692,30,輸送用機械器具製造業,01平均超
756816158,3,金属製品製造業,02平均以下
756816491,7,はん用機械器具製造業,02平均以下
756816802,12,印刷・同関連業,02平均以下
756816864,4,非鉄金属製造業,02平均以下
756817569,25,食料品製造業,01平均超
756818095,0,金属製品製造業,02平均以下
756818405,0,業務用機械器具製造業,02平均以下
756818498,0,食料品製造業,02平均以下
756818857,42,プラスチック製品製造業（別掲を除く）,01平均超
756818939,2,電子部品・デバイス・電子回路製造業,02平均以下
756819537,8,輸送用機械器具製造業,02平均以下
756819619,0,パルプ・紙・紙加工品製造業,02平均以下
756820260,10,電気機械器具製造業,02平均以下
756820425,2,その他の製造業,02平均以下
756821052,33,プラスチック製品製造業（別掲を除く）,01平均超
756822112,2,生産用機械器具製造業,02平均以下
756822445,3,印刷・同関連業,02平均以下
756822702,3,金属製品製造業,02平均以下
756822748,25,その他の製造業,02平均以下
756823676,4,輸送用機械器具製造業,02平均以下
756823783,0,パルプ・紙・紙加工品製造業,02平均以下
756823843,10,化学工業,02平均以下
756823934,50,プラスチック製品製造業（別掲を除く）,01平均超
756823942,0,輸送用機械器具製造業,02平均以下
756824132,4,はん用機械器具製造業,02平均以下
756824185,3,業務用機械器具製造業,02平均以下
756824311,3,情報通信機械器具製造業,02平均以下
756824541,3,はん用機械器具製造業,02平均以下
756825002,5,その他の製造業,02平均以下
756825501,110,繊維工業,01平均超
756825668,1,金属製品製造業,02平均以下
756825880,2,印刷・同関連業,02平均以下
756826039,0,繊維工業,02平均以下
756826082,10,はん用機械器具製造業,02平均以下
756826875,18,プラスチック製品製造業（別掲を除く）,02平均以下
756826905,11,金属製品製造業,02平均以下
756826956,5,木材・木製品製造業（家具を除く）,02平均以下
756827159,14,印刷・同関連業,02平均以下
756827918,6,電気機械器具製造業,02平均以下
756828825,4,ゴム製品製造業,02平均以下
756830795,1,金属製品製造業,02平均以下
756831155,3,繊維工業,02平均以下
756831286,5,はん用機械器具製造業,02平均以下
756831965,152,パルプ・紙・紙加工品製造業,01平均超
756832372,38,はん用機械器具製造業,01平均超
756832686,3,その他の製造業,02平均以下
756833092,12,映像・音声・文字情報制作業,01平均超
756833503,1,食料品製造業,02平均以下
756833812,16,家具・装備品製造業,02平均以下
756834120,0,はん用機械器具製造業,02平均以下
756834300,22,窯業・土石製品製造業,01平均超
756834419,2,プラスチック製品製造業（別掲を除く）,02平均以下
756835131,14,はん用機械器具製造業,02平均以下
756835477,4,プラスチック製品製造業（別掲を除く）,02平均以下
756835582,3,電子部品・デバイス・電子回路製造業,02平均以下
756835638,18,生産用機械器具製造業,02平均以下
756835652,18,はん用機械器具製造業,02平均以下
756838567,22,金属製品製造業,01平均超
756838742,25,プラスチック製品製造業（別掲を除く）,01平均超
756839781,3,非鉄金属製造業,02平均以下
756839806,5,食料品製造業,02平均以下
756839980,270,食料品製造業,01平均超
756840251,0,金属製品製造業,02平均以下
756840321,22,繊維工業,01平均超
756841189,12,金属製品製造業,02平均以下
756843025,3,鉄鋼業,02平均以下
756843201,15,生産用機械器具製造業,02平均以下
756843269,3,電気機械器具製造業,02平均以下
756843343,11,繊維工業,02平均以下
756843862,9,電気機械器具製造業,02平均以下
756845422,3,繊維工業,02平均以下
756845538,13,鉄鋼業,01平均超
756845594,2,金属製品製造業,02平均以下
756845732,0,生産用機械器具製造業,02平均以下
756846056,0,生産用機械器具製造業,02平均以下
756847295,5,その他の製造業,02平均以下
756847946,18,電気機械器具製造業,02平均以下
756848094,6,窯業・土石製品製造業,02平均以下
756848377,1,はん用機械器具製造業,02平均以下
756849302,25,繊維工業,01平均超
756850738,1,家具・装備品製造業,02平均以下
756850817,19,印刷・同関連業,01平均超
756851955,3,プラスチック製品製造業（別掲を除く）,02平均以下
756852492,0,情報通信機械器具製造業,02平均以下
756852588,7,印刷・同関連業,02平均以下
756853585,11,生産用機械器具製造業,02平均以下
756853611,20,はん用機械器具製造業,02平均以下
756853767,12,輸送用機械器具製造業,02平均以下
756854042,60,石油製品・石炭製品製造業,01平均超
756855222,1,食料品製造業,02平均以下
756855406,8,繊維工業,02平均以下
756855490,65,金属製品製造業,01平均超
756855697,2,食料品製造業,02平均以下
756855753,15,非鉄金属製造業,02平均以下
756856582,25,繊維工業,01平均超
756857377,17,輸送用機械器具製造業,02平均以下
756857386,0,その他の製造業,02平均以下
756857509,14,電子部品・デバイス・電子回路製造業,02平均以下
756858439,4,窯業・土石製品製造業,02平均以下
756858501,3,プラスチック製品製造業（別掲を除く）,02平均以下
756858933,4,金属製品製造業,02平均以下
756859216,6,はん用機械器具製造業,02平均以下
756859855,16,生産用機械器具製造業,02平均以下
756859986,10,食料品製造業,02平均以下
756860253,0,電子部品・デバイス・電子回路製造業,02平均以下
756860414,12,生産用機械器具製造業,02平均以下
756860504,80,はん用機械器具製造業,01平均超
756860601,16,電気機械器具製造業,02平均以下
756860744,42,窯業・土石製品製造業,01平均超
756860854,26,食料品製造業,01平均超
756861371,0,飲料・たばこ・飼料製造業,02平均以下
756862086,5,飲料・たばこ・飼料製造業,02平均以下
756862435,35,化学工業,01平均超
756862652,0,電子部品・デバイス・電子回路製造業,02平均以下
756862873,8,木材・木製品製造業（家具を除く）,02平均以下
756863434,0,金属製品製造業,02平均以下
756863468,10,パルプ・紙・紙加工品製造業,02平均以下
756864573,273,電気機械器具製造業,01平均超
756864811,16,金属製品製造業,02平均以下
756864934,18,その他の製造業,02平均以下
756865296,6,木材・木製品製造業（家具を除く）,02平均以下
756866939,35,プラスチック製品製造業（別掲を除く）,01平均超
756867032,10,金属製品製造業,02平均以下
756867317,15,輸送用機械器具製造業,02平均以下
756867664,1,生産用機械器具製造業,02平均以下
756867682,1,電子部品・デバイス・電子回路製造業,02平均以下
756868292,3,印刷・同関連業,02平均以下
756868452,40,木材・木製品製造業（家具を除く）,01平均超
756868656,10,その他の製造業,02平均以下
756868662,10,金属製品製造業,02平均以下
756868698,8,電子部品・デバイス・電子回路製造業,02平均以下
756869931,3,金属製品製造業,02平均以下
756870576,42,プラスチック製品製造業（別掲を除く）,01平均超
756871229,4,プラスチック製品製造業（別掲を除く）,02平均以下
756871312,2,家具・装備品製造業,02平均以下
756871382,20,はん用機械器具製造業,02平均以下
756871461,3,はん用機械器具製造業,02平均以下
756871512,5,食料品製造業,02平均以下
756871534,13,金属製品製造業,02平均以下
756871656,10,繊維工業,02平均以下
756871885,1,輸送用機械器具製造業,02平均以下
756872977,65,プラスチック製品製造業（別掲を除く）,01平均超
756873200,15,金属製品製造業,02平均以下
756873937,8,生産用機械器具製造業,02平均以下
756874041,1,生産用機械器具製造業,02平均以下
756874058,13,窯業・土石製品製造業,02平均以下
756874079,19,繊維工業,01平均超
756874082,12,金属製品製造業,02平均以下
756874716,0,繊維工業,02平均以下
756875322,6,生産用機械器具製造業,02平均以下
756875853,2,はん用機械器具製造業,02平均以下
756875907,3,電気機械器具製造業,02平均以下
756876256,30,食料品製造業,01平均超
756877292,0,はん用機械器具製造業,02平均以下
756877480,3,印刷・同関連業,02平均以下
756877524,2,金属製品製造業,02平均以下
756878060,3,電気機械器具製造業,02平均以下
756878186,33,生産用機械器具製造業,01平均超
756878305,12,プラスチック製品製造業（別掲を除く）,02平均以下
756878445,13,はん用機械器具製造業,02平均以下
756878916,4,食料品製造業,02平均以下
756879473,0,プラスチック製品製造業（別掲を除く）,02平均以下
756879594,1,はん用機械器具製造業,02平均以下
756879603,1,金属製品製造業,02平均以下
756880048,256,はん用機械器具製造業,01平均超
756880138,8,輸送用機械器具製造業,02平均以下
756880222,1,食料品製造業,02平均以下
756881327,2,はん用機械器具製造業,02平均以下
756881678,0,家具・装備品製造業,02平均以下
756881710,17,はん用機械器具製造業,02平均以下
756881822,1,はん用機械器具製造業,02平均以下
756881915,25,その他の製造業,02平均以下
756882657,34,食料品製造業,01平均超
756882906,3,金属製品製造業,02平均以下
756883546,3,印刷・同関連業,02平均以下
756884195,5,プラスチック製品製造業（別掲を除く）,02平均以下
756884734,2,窯業・土石製品製造業,02平均以下
756885252,60,輸送用機械器具製造業,01平均超
756886624,23,繊維工業,01平均超
756887661,9,電気機械器具製造業,02平均以下
756888531,3,その他の製造業,02平均以下
756889239,5,金属製品製造業,02平均以下
756890314,22,その他の製造業,02平均以下
756890853,6,はん用機械器具製造業,02平均以下
756892212,0,輸送用機械器具製造業,02平均以下
756893211,2,電気機械器具製造業,02平均以下
756893773,12,食料品製造業,02平均以下
756893815,10,パルプ・紙・紙加工品製造業,02平均以下
756895297,0,非鉄金属製造業,02平均以下
756895304,10,食料品製造業,02平均以下
756895333,2,金属製品製造業,02平均以下
756895415,5,金属製品製造業,02平均以下
756900161,0,繊維工業,02平均以下
756901640,0,生産用機械器具製造業,02平均以下
756901678,11,生産用機械器具製造業,02平均以下
756903102,5,情報通信機械器具製造業,02平均以下
756903309,10,電子部品・デバイス・電子回路製造業,02平均以下
756904293,8,印刷・同関連業,02平均以下
756904846,60,はん用機械器具製造業,01平均超
756906946,26,食料品製造業,01平均超
756907012,30,印刷・同関連業,01平均超
756907376,0,繊維工業,02平均以下
756907878,15,輸送用機械器具製造業,02平均以下
756908047,12,はん用機械器具製造業,02平均以下
756908864,20,金属製品製造業,01平均超
756909551,27,その他の製造業,02平均以下
756910719,12,はん用機械器具製造業,02平均以下
756910893,1,金属製品製造業,02平均以下
756911471,137,食料品製造業,01平均超
756913072,4,金属製品製造業,02平均以下
756913727,20,はん用機械器具製造業,02平均以下
756913952,14,印刷・同関連業,02平均以下
756915198,3,電子部品・デバイス・電子回路製造業,02平均以下
756915425,0,生産用機械器具製造業,02平均以下
756915780,4,プラスチック製品製造業（別掲を除く）,02平均以下
756916590,11,家具・装備品製造業,02平均以下
756918530,2,映像・音声・文字情報制作業,02平均以下
756923114,0,家具・装備品製造業,02平均以下
756923972,37,はん用機械器具製造業,01平均超
756924153,3,電気機械器具製造業,02平均以下
756924207,32,飲料・たばこ・飼料製造業,01平均超
756924841,8,木材・木製品製造業（家具を除く）,02平均以下
756925351,9,プラスチック製品製造業（別掲を除く）,02平均以下
756925785,78,食料品製造業,01平均超
756926447,35,家具・装備品製造業,01平均超
756928038,4,プラスチック製品製造業（別掲を除く）,02平均以下
756928300,0,輸送用機械器具製造業,02平均以下
756930287,26,窯業・土石製品製造業,01平均超
756931381,4,金属製品製造業,02平均以下
756931638,278,輸送用機械器具製造業,01平均超
756931821,0,電気機械器具製造業,02平均以下
756932927,1,食料品製造業,02平均以下
756933007,4,食料品製造業,02平均以下
756933136,3,繊維工業,02平均以下
756933528,14,はん用機械器具製造業,02平均以下
756934146,25,繊維工業,01平均超
756934194,0,電気機械器具製造業,02平均以下
756934828,40,食料品製造業,01平均超
756934835,27,金属製品製造業,01平均超
756935251,2,ゴム製品製造業,02平均以下
756935432,1,生産用機械器具製造業,02平均以下
756936585,5,繊維工業,02平均以下
756937195,5,生産用機械器具製造業,02平均以下
756937357,6,金属製品製造業,02平均以下
756937889,4,電気機械器具製造業,02平均以下
756939159,3,パルプ・紙・紙加工品製造業,02平均以下
756939698,20,非鉄金属製造業,02平均以下
756939795,3,繊維工業,02平均以下
756940558,2,生産用機械器具製造業,02平均以下
756940789,4,電気機械器具製造業,02平均以下
756940960,50,金属製品製造業,01平均超
756941181,15,その他の製造業,02平均以下
756941351,3,金属製品製造業,02平均以下
756941632,4,その他の製造業,02平均以下
756941644,3,電子部品・デバイス・電子回路製造業,02平均以下
756942946,12,その他の製造業,02平均以下
756943275,5,輸送用機械器具製造業,02平均以下
756943974,2,食料品製造業,02平均以下
756944936,3,金属製品製造業,02平均以下
756945320,1,化学工業,02平均以下
756945479,0,金属製品製造業,02平均以下
756945922,1,生産用機械器具製造業,02平均以下
756946131,1,電気機械器具製造業,02平均以下
756946149,7,はん用機械器具製造業,02平均以下
756946156,1,プラスチック製品製造業（別掲を除く）,02平均以下
756946381,0,その他の製造業,02平均以下
756946434,1,輸送用機械器具製造業,02平均以下
756946797,6,業務用機械器具製造業,02平均以下
756946852,3,生産用機械器具製造業,02平均以下
756947386,2,繊維工業,02平均以下
756947705,8,なめし革・同製品・毛皮製造業,02平均以下
756947731,15,パルプ・紙・紙加工品製造業,02平均以下
756947798,200,電気機械器具製造業,01平均超
756948326,2,飲料・たばこ・飼料製造業,02平均以下
756948360,7,電子部品・デバイス・電子回路製造業,02平均以下
756948402,5,生産用機械器具製造業,02平均以下
756948572,10,生産用機械器具製造業,02平均以下
756948758,3,窯業・土石製品製造業,02平均以下
756948828,8,食料品製造業,02平均以下
756948962,12,金属製品製造業,02平均以下
756949517,35,化学工業,01平均超
756949522,110,家具・装備品製造業,01平均超
756949648,2,生産用機械器具製造業,02平均以下
756949783,3,電気機械器具製造業,02平均以下
756949802,2,窯業・土石製品製造業,02平均以下
756949839,2,食料品製造業,02平均以下
756950418,3,金属製品製造業,02平均以下
756951162,6,木材・木製品製造業（家具を除く）,02平均以下
756952264,5,はん用機械器具製造業,02平均以下
756952300,18,ゴム製品製造業,01平均超
756952342,3,輸送用機械器具製造業,02平均以下
756952632,1,ゴム製品製造業,02平均以下
756953097,7,木材・木製品製造業（家具を除く）,02平均以下
756953778,1,家具・装備品製造業,02平均以下
756953847,6,プラスチック製品製造業（別掲を除く）,02平均以下
756954526,16,輸送用機械器具製造業,02平均以下
756955657,0,金属製品製造業,02平均以下
756956085,6,食料品製造業,02平均以下
756956415,2,電子部品・デバイス・電子回路製造業,02平均以下
756956549,15,なめし革・同製品・毛皮製造業,01平均超
756956602,1,電気機械器具製造業,02平均以下
756957933,22,その他の製造業,02平均以下
756958538,3,輸送用機械器具製造業,02平均以下
756958660,15,生産用機械器具製造業,02平均以下
756958996,1,食料品製造業,02平均以下
756959012,10,非鉄金属製造業,02平均以下
756959220,0,金属製品製造業,02平均以下
756959463,2,生産用機械器具製造業,02平均以下
756959474,3,家具・装備品製造業,02平均以下
756959662,50,繊維工業,01平均超
756960950,1,プラスチック製品製造業（別掲を除く）,02平均以下
756961075,2,金属製品製造業,02平均以下
756961089,5,金属製品製造業,02平均以下
756961145,35,繊維工業,01平均超
756961300,43,食料品製造業,01平均超
756961325,7,木材・木製品製造業（家具を除く）,02平均以下
756961495,0,プラスチック製品製造業（別掲を除く）,02平均以下
756961666,21,プラスチック製品製造業（別掲を除く）,01平均超
756961671,2,輸送用機械器具製造業,02平均以下
756961784,3,はん用機械器具製造業,02平均以下
756961815,2,食料品製造業,02平均以下
756961826,4,繊維工業,02平均以下
756961832,0,金属製品製造業,02平均以下
756961992,2,はん用機械器具製造業,02平均以下
756962289,0,印刷・同関連業,02平均以下
756962909,1,電気機械器具製造業,02平均以下
756963014,8,食料品製造業,02平均以下
756963085,8,金属製品製造業,02平均以下
756963137,260,輸送用機械器具製造業,01平均超
756963158,2,はん用機械器具製造業,02平均以下
756963182,0,家具・装備品製造業,02平均以下
756963190,850,生産用機械器具製造業,01平均超
756963251,10,輸送用機械器具製造業,02平均以下
756963321,3,はん用機械器具製造業,02平均以下
756963352,3,繊維工業,02平均以下
756963415,6,木材・木製品製造業（家具を除く）,02平均以下
756963426,9,食料品製造業,02平均以下
756963432,14,窯業・土石製品製造業,02平均以下
756963444,7,金属製品製造業,02平均以下
756963505,7,電子部品・デバイス・電子回路製造業,02平均以下
756963522,25,その他の製造業,02平均以下
756963602,40,生産用機械器具製造業,01平均超
756963718,1,その他の製造業,02平均以下
756963827,10,化学工業,02平均以下
756963882,0,生産用機械器具製造業,02平均以下
756963912,4,輸送用機械器具製造業,02平均以下
756964025,2,食料品製造業,02平均以下
756964283,0,プラスチック製品製造業（別掲を除く）,02平均以下
756964396,1,電子部品・デバイス・電子回路製造業,02平均以下
756964524,1,木材・木製品製造業（家具を除く）,02平均以下
756964565,1,金属製品製造業,02平均以下
756965029,7,印刷・同関連業,02平均以下
756965161,25,はん用機械器具製造業,02平均以下
756965175,0,食料品製造業,02平均以下
756965205,8,はん用機械器具製造業,02平均以下
756965217,9,印刷・同関連業,02平均以下
756965256,1,金属製品製造業,02平均以下
756965273,4,金属製品製造業,02平均以下
756965332,0,金属製品製造業,02平均以下
756965344,120,化学工業,01平均超
756965359,38,金属製品製造業,01平均超
756965536,20,生産用機械器具製造業,01平均超
756966956,36,その他の製造業,01平均超
756967918,7,プラスチック製品製造業（別掲を除く）,02平均以下
756968180,4,輸送用機械器具製造業,02平均以下
756968682,29,電子部品・デバイス・電子回路製造業,02平均以下
756969022,6,ゴム製品製造業,02平均以下
756969102,279,化学工業,01平均超
756969338,5,プラスチック製品製造業（別掲を除く）,02平均以下
756970636,17,輸送用機械器具製造業,02平均以下
756972193,0,食料品製造業,02平均以下
756973453,4,業務用機械器具製造業,02平均以下
756974827,1,食料品製造業,02平均以下
756976869,3,金属製品製造業,02平均以下
756977483,7,はん用機械器具製造業,02平均以下
756977655,15,繊維工業,02平均以下
756977664,3,はん用機械器具製造業,02平均以下
756977928,2,はん用機械器具製造業,02平均以下
756978762,10,金属製品製造業,02平均以下
756979104,0,はん用機械器具製造業,02平均以下
756979530,15,金属製品製造業,02平均以下
756979554,23,生産用機械器具製造業,01平均超
756979635,25,輸送用機械器具製造業,01平均超
756980351,8,印刷・同関連業,02平均以下
756981003,0,木材・木製品製造業（家具を除く）,02平均以下
756981044,3,非鉄金属製造業,02平均以下
756981059,2,輸送用機械器具製造業,02平均以下
756981060,3,印刷・同関連業,02平均以下
756981210,1,食料品製造業,02平均以下
756981748,16,輸送用機械器具製造業,02平均以下
756983271,978,電気機械器具製造業,01平均超
756983949,15,輸送用機械器具製造業,02平均以下
756983984,4,食料品製造業,02平均以下
756984073,18,その他の製造業,02平均以下
756985461,10,電気機械器具製造業,02平均以下
756985525,8,プラスチック製品製造業（別掲を除く）,02平均以下
756986296,41,業務用機械器具製造業,01平均超
756986844,5,金属製品製造業,02平均以下
756987112,4,木材・木製品製造業（家具を除く）,02平均以下
756987415,1,プラスチック製品製造業（別掲を除く）,02平均以下
756989081,0,繊維工業,02平均以下
756989402,1,はん用機械器具製造業,02平均以下
756989470,14,はん用機械器具製造業,02平均以下
756990023,4,はん用機械器具製造業,02平均以下
756990342,45,電気機械器具製造業,01平均超
756990377,9,生産用機械器具製造業,02平均以下
756990632,40,食料品製造業,01平均超
756990860,4,食料品製造業,02平均以下
756991459,22,繊維工業,01平均超
756991757,3,業務用機械器具製造業,02平均以下
756991802,0,はん用機械器具製造業,02平均以下
756991870,30,はん用機械器具製造業,01平均超
756992187,1,業務用機械器具製造業,02平均以下
756992369,4,繊維工業,02平均以下
756992441,5,プラスチック製品製造業（別掲を除く）,02平均以下
756992642,53,印刷・同関連業,01平均超
756992742,0,家具・装備品製造業,02平均以下
756993443,9,業務用機械器具製造業,02平均以下
756993569,1,家具・装備品製造業,02平均以下
756993653,1,窯業・土石製品製造業,02平均以下
756993724,11,金属製品製造業,02平均以下
756994176,0,はん用機械器具製造業,02平均以下
756994258,2,プラスチック製品製造業（別掲を除く）,02平均以下
756994462,23,鉄鋼業,01平均超
756994691,25,プラスチック製品製造業（別掲を除く）,01平均超
756994857,3,はん用機械器具製造業,02平均以下
756994892,19,その他の製造業,02平均以下
756995370,11,プラスチック製品製造業（別掲を除く）,02平均以下
756995416,43,印刷・同関連業,01平均超
756995579,1,はん用機械器具製造業,02平均以下
756996097,6,化学工業,02平均以下
756996132,22,輸送用機械器具製造業,01平均超
756996553,37,金属製品製造業,01平均超
756996568,10,電気機械器具製造業,02平均以下
756996631,2,印刷・同関連業,02平均以下
756997098,4,生産用機械器具製造業,02平均以下
756997657,3,生産用機械器具製造業,02平均以下
756997892,0,食料品製造業,02平均以下
756998833,29,窯業・土石製品製造業,01平均超
756999204,15,金属製品製造業,02平均以下
756999350,8,食料品製造業,02平均以下
756999454,3,金属製品製造業,02平均以下
757314462,15,電子部品・デバイス・電子回路製造業,02平均以下
757315382,38,生産用機械器具製造業,01平均超
758317392,0,金属製品製造業,02平均以下
758327241,6,金属製品製造業,02平均以下
766395667,12,繊維工業,02平均以下
767326550,1,生産用機械器具製造業,02平均以下
768316110,137,輸送用機械器具製造業,01平均超
768320243,15,食料品製造業,02平均以下
775314223,10,はん用機械器具製造業,02平均以下
779329295,28,繊維工業,01平均超
780328593,1,生産用機械器具製造業,02平均以下
783324013,1,印刷・同関連業,02平均以下
786000000,8,金属製品製造業,02平均以下
786000579,3,鉄鋼業,02平均以下
786000723,98,食料品製造業,01平均超
786000817,27,家具・装備品製造業,01平均超
786000856,4,はん用機械器具製造業,02平均以下
786000903,1,繊維工業,02平均以下
786000960,18,金属製品製造業,02平均以下
786001154,20,プラスチック製品製造業（別掲を除く）,01平均超
786001691,7,食料品製造業,02平均以下
786001714,10,繊維工業,02平均以下
786002036,2,その他の製造業,02平均以下
786002371,21,はん用機械器具製造業,02平均以下
786002782,23,木材・木製品製造業（家具を除く）,01平均超
786003865,60,生産用機械器具製造業,01平均超
786003997,8,繊維工業,02平均以下
786004028,3,業務用機械器具製造業,02平均以下
786004126,54,輸送用機械器具製造業,01平均超
786004850,18,プラスチック製品製造業（別掲を除く）,02平均以下
786006330,2,家具・装備品製造業,02平均以下
786006596,5,食料品製造業,02平均以下
786006689,25,印刷・同関連業,01平均超
786006862,1,業務用機械器具製造業,02平均以下
786006922,0,電子部品・デバイス・電子回路製造業,02平均以下
786006993,2,金属製品製造業,02平均以下
786007094,0,飲料・たばこ・飼料製造業,02平均以下
786007264,2,繊維工業,02平均以下
786007334,3,はん用機械器具製造業,02平均以下
786007399,22,生産用機械器具製造業,01平均超
786007478,8,その他の製造業,02平均以下
786007650,3,家具・装備品製造業,02平均以下
786008013,1,窯業・土石製品製造業,02平均以下
786008054,0,金属製品製造業,02平均以下
786008427,0,プラスチック製品製造業（別掲を除く）,02平均以下
786008668,1,プラスチック製品製造業（別掲を除く）,02平均以下
786008921,1,非鉄金属製造業,02平均以下
786008933,15,食料品製造業,02平均以下
786008962,162,金属製品製造業,01平均超
786008995,2,その他の製造業,02平均以下
786009333,20,生産用機械器具製造業,01平均超
786009387,2,はん用機械器具製造業,02平均以下
786009556,7,プラスチック製品製造業（別掲を除く）,02平均以下
786009667,5,はん用機械器具製造業,02平均以下
786009692,4,はん用機械器具製造業,02平均以下
786010139,5,はん用機械器具製造業,02平均以下
786010164,12,金属製品製造業,02平均以下
786010338,10,輸送用機械器具製造業,02平均以下
786010375,0,飲料・たばこ・飼料製造業,02平均以下
786010450,8,はん用機械器具製造業,02平均以下
786010829,6,食料品製造業,02平均以下
786010892,4,電子部品・デバイス・電子回路製造業,02平均以下
786011142,2,家具・装備品製造業,02平均以下
786011612,1,金属製品製造業,02平均以下
786012042,8,金属製品製造業,02平均以下
786012236,5,金属製品製造業,02平均以下
786013122,13,はん用機械器具製造業,02平均以下
786013162,14,家具・装備品製造業,02平均以下
786013392,6,はん用機械器具製造業,02平均以下
786013539,3,プラスチック製品製造業（別掲を除く）,02平均以下
786013840,1,はん用機械器具製造業,02平均以下
786014403,8,木材・木製品製造業（家具を除く）,02平均以下
786014415,45,印刷・同関連業,01平均超
786014562,14,パルプ・紙・紙加工品製造業,02平均以下
786014736,0,プラスチック製品製造業（別掲を除く）,02平均以下
786014870,3,繊維工業,02平均以下
786015202,41,印刷・同関連業,01平均超
786015693,4,窯業・土石製品製造業,02平均以下
786015891,12,プラスチック製品製造業（別掲を除く）,02平均以下
786016052,8,印刷・同関連業,02平均以下
786016095,20,プラスチック製品製造業（別掲を除く）,01平均超
786016265,6,金属製品製造業,02平均以下
786016316,15,木材・木製品製造業（家具を除く）,01平均超
786016672,8,その他の製造業,02平均以下
786016939,17,プラスチック製品製造業（別掲を除く）,02平均以下
786016955,25,プラスチック製品製造業（別掲を除く）,01平均超
786017974,12,はん用機械器具製造業,02平均以下
786018051,278,印刷・同関連業,01平均超
786018542,2,プラスチック製品製造業（別掲を除く）,02平均以下
786018605,11,食料品製造業,02平均以下
786018662,45,電子部品・デバイス・電子回路製造業,02平均以下
786019064,1,はん用機械器具製造業,02平均以下
786019096,0,印刷・同関連業,02平均以下
786019635,3,プラスチック製品製造業（別掲を除く）,02平均以下
786020054,3,その他の製造業,02平均以下
786020545,0,はん用機械器具製造業,02平均以下
786020592,4,生産用機械器具製造業,02平均以下
786020600,23,繊維工業,01平均超
786020642,2,金属製品製造業,02平均以下
786020668,5,食料品製造業,02平均以下
786020842,2,はん用機械器具製造業,02平均以下
786020952,1,食料品製造業,02平均以下
786021537,10,繊維工業,02平均以下
786021619,6,プラスチック製品製造業（別掲を除く）,02平均以下
786021926,0,電子部品・デバイス・電子回路製造業,02平均以下
786022084,1,印刷・同関連業,02平均以下
786022139,31,金属製品製造業,01平均超
786022521,16,プラスチック製品製造業（別掲を除く）,02平均以下
786022924,7,繊維工業,02平均以下
786023102,7,情報通信機械器具製造業,01平均超
786023290,3,金属製品製造業,02平均以下
786023632,4,金属製品製造業,02平均以下
786024133,3,食料品製造業,02平均以下
786024592,1,金属製品製造業,02平均以下
786024725,11,金属製品製造業,02平均以下
786024777,97,窯業・土石製品製造業,01平均超
786024846,5,電子部品・デバイス・電子回路製造業,02平均以下
786024894,9,生産用機械器具製造業,02平均以下
786025210,11,なめし革・同製品・毛皮製造業,01平均超
786025261,6,その他の製造業,02平均以下
786025472,23,その他の製造業,02平均以下
786026092,0,電子部品・デバイス・電子回路製造業,02平均以下
786026413,4,金属製品製造業,02平均以下
786026559,19,飲料・たばこ・飼料製造業,01平均超
786026560,8,その他の製造業,02平均以下
786026743,5,ゴム製品製造業,02平均以下
786026899,5,映像・音声・文字情報制作業,02平均以下
786027215,2,金属製品製造業,02平均以下
786027367,2,プラスチック製品製造業（別掲を除く）,02平均以下
786027564,33,家具・装備品製造業,01平均超
786027570,51,プラスチック製品製造業（別掲を除く）,01平均超
786027607,1,食料品製造業,02平均以下
786028190,14,はん用機械器具製造業,02平均以下
786028321,1,生産用機械器具製造業,02平均以下
786028432,18,金属製品製造業,02平均以下
786029282,80,家具・装備品製造業,01平均超
786029580,9,金属製品製造業,02平均以下
786030105,10,その他の製造業,02平均以下
786030260,5,金属製品製造業,02平均以下
786030689,10,ゴム製品製造業,02平均以下
786030774,21,食料品製造業,01平均超
786031731,8,金属製品製造業,02平均以下
786032153,3,繊維工業,02平均以下
786032238,3,金属製品製造業,02平均以下
786032492,6,その他の製造業,02平均以下
786032792,15,生産用機械器具製造業,02平均以下
786032974,1,印刷・同関連業,02平均以下
786033235,33,窯業・土石製品製造業,01平均超
786033263,0,繊維工業,02平均以下
786034355,20,生産用機械器具製造業,01平均超
786034396,135,金属製品製造業,01平均超
786034579,14,印刷・同関連業,02平均以下
786034915,4,窯業・土石製品製造業,02平均以下
786034944,6,金属製品製造業,02平均以下
786034988,28,生産用機械器具製造業,01平均超
786035029,134,はん用機械器具製造業,01平均超
786035402,5,電気機械器具製造業,02平均以下
786035439,0,非鉄金属製造業,02平均以下
786036055,40,飲料・たばこ・飼料製造業,01平均超
786036392,7,生産用機械器具製造業,02平均以下
786036412,7,石油製品・石炭製品製造業,02平均以下
786036513,0,はん用機械器具製造業,02平均以下
786036852,2,生産用機械器具製造業,02平均以下
786037042,0,生産用機械器具製造業,02平均以下
786037103,4,木材・木製品製造業（家具を除く）,02平均以下
786037337,5,金属製品製造業,02平均以下
786037452,23,電気機械器具製造業,02平均以下
786037721,10,はん用機械器具製造業,02平均以下
786037814,15,はん用機械器具製造業,02平均以下
786037945,4,情報通信機械器具製造業,02平均以下
786038018,0,食料品製造業,02平均以下
786038430,9,食料品製造業,02平均以下
786038606,5,金属製品製造業,02平均以下
786038727,1,石油製品・石炭製品製造業,02平均以下
786038770,13,プラスチック製品製造業（別掲を除く）,02平均以下
786038923,0,金属製品製造業,02平均以下
786039022,45,印刷・同関連業,01平均超
786039062,2,電子部品・デバイス・電子回路製造業,02平均以下
786039212,4,金属製品製造業,02平均以下
786039450,58,鉄鋼業,01平均超
786039466,0,生産用機械器具製造業,02平均以下
786039540,0,繊維工業,02平均以下
786039732,64,プラスチック製品製造業（別掲を除く）,01平均超
786040154,13,その他の製造業,02平均以下
786040167,100,輸送用機械器具製造業,01平均超
786040237,140,ゴム製品製造業,01平均超
786040431,4,はん用機械器具製造業,02平均以下
786040462,0,プラスチック製品製造業（別掲を除く）,02平均以下
786040538,10,電気機械器具製造業,02平均以下
786040892,2,生産用機械器具製造業,02平均以下
786040927,2,繊維工業,02平均以下
786041177,7,電気機械器具製造業,02平均以下
786041436,12,はん用機械器具製造業,02平均以下
786041585,1,パルプ・紙・紙加工品製造業,02平均以下
786041639,12,はん用機械器具製造業,02平均以下
786041792,2,繊維工業,02平均以下
786041909,0,食料品製造業,02平均以下
786042840,3,電気機械器具製造業,02平均以下
786042947,1,金属製品製造業,02平均以下
786043121,1,プラスチック製品製造業（別掲を除く）,02平均以下
786043187,5,金属製品製造業,02平均以下
786043250,6,金属製品製造業,02平均以下
786043680,11,食料品製造業,02平均以下
786044323,40,生産用機械器具製造業,01平均超
786044493,0,食料品製造業,02平均以下
786044657,0,金属製品製造業,02平均以下
786044715,58,電子部品・デバイス・電子回路製造業,02平均以下
786044788,14,電気機械器具製造業,02平均以下
786044982,5,その他の製造業,02平均以下
786045475,18,はん用機械器具製造業,02平均以下
786045721,4,食料品製造業,02平均以下
786045795,5,繊維工業,02平均以下
786045945,3,金属製品製造業,02平均以下
786046169,2,金属製品製造業,02平均以下
786046202,0,食料品製造業,02平均以下
786046913,2,生産用機械器具製造業,02平均以下
786047066,10,繊維工業,02平均以下
786047426,1,はん用機械器具製造業,02平均以下
786047459,25,生産用機械器具製造業,01平均超
786047472,2,金属製品製造業,02平均以下
786047522,8,プラスチック製品製造業（別掲を除く）,02平均以下
786047573,32,金属製品製造業,01平均超
786047855,2,生産用機械器具製造業,02平均以下
786048114,0,生産用機械器具製造業,02平均以下
786048220,4,輸送用機械器具製造業,02平均以下
786048257,0,その他の製造業,02平均以下
786048272,10,金属製品製造業,02平均以下
786048327,1,家具・装備品製造業,02平均以下
786048396,15,食料品製造業,02平均以下
786048480,2,電気機械器具製造業,02平均以下
786048565,4,食料品製造業,02平均以下
786048662,19,はん用機械器具製造業,02平均以下
786048884,18,はん用機械器具製造業,02平均以下
786049029,40,輸送用機械器具製造業,01平均超
786049030,24,はん用機械器具製造業,02平均以下
786049123,0,金属製品製造業,02平均以下
786049273,5,繊維工業,02平均以下
786049303,3,輸送用機械器具製造業,02平均以下
786049402,14,プラスチック製品製造業（別掲を除く）,02平均以下
786049439,9,木材・木製品製造業（家具を除く）,02平均以下
786049443,3,金属製品製造業,02平均以下
786049741,4,窯業・土石製品製造業,02平均以下
786049828,18,繊維工業,01平均超
786049940,9,はん用機械器具製造業,02平均以下
786070314,10,電子部品・デバイス・電子回路製造業,02平均以下
786071646,15,金属製品製造業,02平均以下
786072181,1,木材・木製品製造業（家具を除く）,02平均以下
786072258,113,電気機械器具製造業,01平均超
786072449,4,電気機械器具製造業,02平均以下
786072507,10,繊維工業,02平均以下
786072626,24,飲料・たばこ・飼料製造業,01平均超
786072691,9,木材・木製品製造業（家具を除く）,02平均以下
786073118,5,パルプ・紙・紙加工品製造業,02平均以下
786073169,33,生産用機械器具製造業,01平均超
786073243,2,非鉄金属製造業,02平均以下
786073487,0,繊維工業,02平均以下
786074107,8,窯業・土石製品製造業,02平均以下
786074194,1,印刷・同関連業,02平均以下
786074217,4,金属製品製造業,02平均以下
786074222,0,金属製品製造業,02平均以下
786074256,29,プラスチック製品製造業（別掲を除く）,01平均超
786074298,0,繊維工業,02平均以下
786074344,3,ゴム製品製造業,02平均以下
786074402,5,輸送用機械器具製造業,02平均以下
786074443,0,繊維工業,02平均以下
786074455,3,食料品製造業,02平均以下
786074482,5,繊維工業,02平均以下
786074496,14,金属製品製造業,02平均以下
786074557,5,金属製品製造業,02平均以下
786074642,6,はん用機械器具製造業,02平均以下
786074653,3,その他の製造業,02平均以下
786074677,6,石油製品・石炭製品製造業,02平均以下
786075047,3,その他の製造業,02平均以下
786075629,0,金属製品製造業,02平均以下
786075718,25,化学工業,02平均以下
786076865,8,繊維工業,02平均以下
786076963,30,輸送用機械器具製造業,01平均超
786077383,1,パルプ・紙・紙加工品製造業,02平均以下
786077567,0,業務用機械器具製造業,02平均以下
786077807,20,金属製品製造業,01平均超
786078084,4,金属製品製造業,02平均以下
786078277,26,プラスチック製品製造業（別掲を除く）,01平均超
786078310,76,非鉄金属製造業,01平均超
786078645,50,食料品製造業,01平均超
786078715,8,輸送用機械器具製造業,02平均以下
786078881,51,はん用機械器具製造業,01平均超
786078990,45,食料品製造業,01平均超
786079390,25,窯業・土石製品製造業,01平均超
786079446,0,繊維工業,02平均以下
786079512,25,輸送用機械器具製造業,01平均超
786079871,8,食料品製造業,02平均以下
786080032,20,食料品製造業,01平均超
786080177,385,非鉄金属製造業,01平均超
786080210,0,はん用機械器具製造業,02平均以下
786080655,9,金属製品製造業,02平均以下
786080754,3,食料品製造業,02平均以下
786080951,61,印刷・同関連業,01平均超
786081320,58,木材・木製品製造業（家具を除く）,01平均超
786081372,6,飲料・たばこ・飼料製造業,02平均以下
786081392,1,木材・木製品製造業（家具を除く）,02平均以下
786081437,9,プラスチック製品製造業（別掲を除く）,02平均以下
786081530,1,生産用機械器具製造業,02平均以下
786081567,5,家具・装備品製造業,02平均以下
786081742,0,プラスチック製品製造業（別掲を除く）,02平均以下
786081838,8,金属製品製造業,02平均以下
786081852,10,食料品製造業,02平均以下
786081984,10,繊維工業,02平均以下
786083115,1,金属製品製造業,02平均以下
786083126,4,生産用機械器具製造業,02平均以下
786083213,19,窯業・土石製品製造業,01平均超
786083267,5,輸送用機械器具製造業,02平均以下
786083276,0,窯業・土石製品製造業,02平均以下
786083553,29,金属製品製造業,01平均超
786083850,11,電子部品・デバイス・電子回路製造業,02平均以下
786083972,30,ゴム製品製造業,01平均超
786084560,27,生産用機械器具製造業,01平均超
786085031,110,金属製品製造業,01平均超
786085200,25,はん用機械器具製造業,02平均以下
786085307,23,はん用機械器具製造業,02平均以下
786085352,9,プラスチック製品製造業（別掲を除く）,02平均以下
786085361,1,窯業・土石製品製造業,02平均以下
786085493,42,プラスチック製品製造業（別掲を除く）,01平均超
786085562,0,食料品製造業,02平均以下
786085703,0,ゴム製品製造業,02平均以下
786085924,8,金属製品製造業,02平均以下
786085965,11,家具・装備品製造業,02平均以下
786087706,7,印刷・同関連業,02平均以下
786087765,60,生産用機械器具製造業,01平均超
786087897,1,木材・木製品製造業（家具を除く）,02平均以下
786087962,8,その他の製造業,02平均以下
786088351,1,印刷・同関連業,02平均以下
786089185,5,印刷・同関連業,02平均以下
786089302,1,輸送用機械器具製造業,02平均以下
786089604,8,食料品製造業,02平均以下
786089652,3,生産用機械器具製造業,02平均以下
786089707,17,繊維工業,01平均超
786300681,12,家具・装備品製造業,02平均以下
786302341,5,はん用機械器具製造業,02平均以下
786302438,2,金属製品製造業,02平均以下
786302452,1,輸送用機械器具製造業,02平均以下
786303166,5,プラスチック製品製造業（別掲を除く）,02平均以下
786303382,1,生産用機械器具製造業,02平均以下
786303621,7,はん用機械器具製造業,02平均以下
786304547,4,繊維工業,02平均以下
786304935,3,食料品製造業,02平均以下
786304942,21,繊維工業,01平均超
786305422,4,食料品製造業,02平均以下
786305603,13,金属製品製造業,02平均以下
786305892,3,その他の製造業,02平均以下
786306636,10,食料品製造業,02平均以下
786306732,0,はん用機械器具製造業,02平均以下
786308136,4,飲料・たばこ・飼料製造業,02平均以下
786309288,4,輸送用機械器具製造業,02平均以下
786309434,8,窯業・土石製品製造業,02平均以下
786309971,4,家具・装備品製造業,02平均以下
786310039,43,金属製品製造業,01平均超
786310121,1,輸送用機械器具製造業,02平均以下
786311446,1,その他の製造業,02平均以下
786311649,9,はん用機械器具製造業,02平均以下
786312333,60,木材・木製品製造業（家具を除く）,01平均超
786312505,2,木材・木製品製造業（家具を除く）,02平均以下
786312584,25,繊維工業,01平均超
786312718,11,金属製品製造業,02平均以下
786312827,3,はん用機械器具製造業,02平均以下
786312839,2,生産用機械器具製造業,02平均以下
786313601,24,プラスチック製品製造業（別掲を除く）,01平均超
786313657,18,金属製品製造業,02平均以下
786313715,3,情報通信機械器具製造業,02平均以下
786313829,2,窯業・土石製品製造業,02平均以下
786314156,55,食料品製造業,01平均超
786314728,8,窯業・土石製品製造業,02平均以下
786315001,1,家具・装備品製造業,02平均以下
786315332,5,はん用機械器具製造業,02平均以下
786316076,1,その他の製造業,02平均以下
786316897,0,生産用機械器具製造業,02平均以下
786317012,5,金属製品製造業,02平均以下
786317524,1,電子部品・デバイス・電子回路製造業,02平均以下
786317579,0,プラスチック製品製造業（別掲を除く）,02平均以下
786317662,2,その他の製造業,02平均以下
786318238,1,金属製品製造業,02平均以下
786318492,4,繊維工業,02平均以下
786318730,0,金属製品製造業,02平均以下
786318781,2,繊維工業,02平均以下
786320192,6,ゴム製品製造業,02平均以下
786320312,3,化学工業,02平均以下
786320452,15,金属製品製造業,02平均以下
786320462,0,非鉄金属製造業,02平均以下
786321629,0,プラスチック製品製造業（別掲を除く）,02平均以下
786321648,6,電子部品・デバイス・電子回路製造業,02平均以下
786321654,3,生産用機械器具製造業,02平均以下
786323189,5,窯業・土石製品製造業,02平均以下
786323194,7,輸送用機械器具製造業,02平均以下
786323222,3,はん用機械器具製造業,02平均以下
786323572,40,窯業・土石製品製造業,01平均超
786323940,5,飲料・たばこ・飼料製造業,02平均以下
786324279,1,プラスチック製品製造業（別掲を除く）,02平均以下
786325474,3,プラスチック製品製造業（別掲を除く）,02平均以下
786325959,2,生産用機械器具製造業,02平均以下
786326276,18,金属製品製造業,02平均以下
786326684,8,金属製品製造業,02平均以下
786327394,0,はん用機械器具製造業,02平均以下
786327552,1,金属製品製造業,02平均以下
786327601,5,生産用機械器具製造業,02平均以下
786327636,13,金属製品製造業,02平均以下
786328400,0,電気機械器具製造業,02平均以下
786328477,5,食料品製造業,02平均以下
786328689,3,金属製品製造業,02平均以下
786329163,1,生産用機械器具製造業,02平均以下
786329308,10,金属製品製造業,02平均以下
786329429,5,金属製品製造業,02平均以下
786330017,38,業務用機械器具製造業,01平均超
786330056,30,電子部品・デバイス・電子回路製造業,02平均以下
786330802,1,はん用機械器具製造業,02平均以下
786330965,1,生産用機械器具製造業,02平均以下
786331868,3,印刷・同関連業,02平均以下
786332435,2,プラスチック製品製造業（別掲を除く）,02平均以下
786332604,27,プラスチック製品製造業（別掲を除く）,01平均超
786332619,4,金属製品製造業,02平均以下
786334209,3,はん用機械器具製造業,02平均以下
786334235,4,生産用機械器具製造業,02平均以下
786334340,1,生産用機械器具製造業,02平均以下
786334953,2,鉄鋼業,02平均以下
786335075,2,繊維工業,02平均以下
786335094,16,繊維工業,02平均以下
786335622,2,繊維工業,02平均以下
786335647,26,プラスチック製品製造業（別掲を除く）,01平均超
786335731,1,金属製品製造業,02平均以下
786335756,20,その他の製造業,02平均以下
786336102,0,窯業・土石製品製造業,02平均以下
786336282,2,繊維工業,02平均以下
786336449,20,はん用機械器具製造業,02平均以下
786336691,26,その他の製造業,02平均以下
786336857,15,窯業・土石製品製造業,02平均以下
786337100,11,繊維工業,02平均以下
786337824,0,はん用機械器具製造業,02平均以下
786338115,15,繊維工業,02平均以下
786338276,1,木材・木製品製造業（家具を除く）,02平均以下
786338500,279,電子部品・デバイス・電子回路製造業,01平均超
786338512,8,金属製品製造業,02平均以下
786338605,34,映像・音声・文字情報制作業,01平均超
786339162,1,印刷・同関連業,02平均以下
786339318,4,プラスチック製品製造業（別掲を除く）,02平均以下
786339576,3,生産用機械器具製造業,02平均以下
786339894,1,生産用機械器具製造業,02平均以下
786340013,6,輸送用機械器具製造業,02平均以下
786340249,35,繊維工業,01平均超
786340303,3,その他の製造業,02平均以下
786340315,12,生産用機械器具製造業,02平均以下
786340427,100,金属製品製造業,01平均超
786340592,2,印刷・同関連業,02平均以下
786340842,1,ゴム製品製造業,02平均以下
786340904,50,食料品製造業,01平均超
786341463,2,繊維工業,02平均以下
786342062,69,はん用機械器具製造業,01平均超
786342225,32,ゴム製品製造業,01平均超
786343052,9,非鉄金属製造業,02平均以下
786343078,1,飲料・たばこ・飼料製造業,02平均以下
786343672,1,その他の製造業,02平均以下
786343722,6,プラスチック製品製造業（別掲を除く）,02平均以下
786343820,16,金属製品製造業,02平均以下
786343883,9,食料品製造業,02平均以下
786345401,6,飲料・たばこ・飼料製造業,02平均以下
786345781,40,食料品製造業,01平均超
786345806,5,木材・木製品製造業（家具を除く）,02平均以下
786345974,7,木材・木製品製造業（家具を除く）,02平均以下
786346287,1,プラスチック製品製造業（別掲を除く）,02平均以下
786346679,3,金属製品製造業,02平均以下
786346975,115,はん用機械器具製造業,01平均超
786347117,1,食料品製造業,02平均以下
786347499,1,はん用機械器具製造業,02平均以下
786347728,4,電気機械器具製造業,02平均以下
786347804,1,印刷・同関連業,02平均以下
786347862,109,金属製品製造業,01平均超
786348106,3,繊維工業,02平均以下
786348403,10,輸送用機械器具製造業,02平均以下
786348472,25,繊維工業,01平均超
786348584,4,金属製品製造業,02平均以下
786348864,5,金属製品製造業,02平均以下
786348925,3,プラスチック製品製造業（別掲を除く）,02平均以下
786349169,5,食料品製造業,02平均以下
786349239,3,食料品製造業,02平均以下
786349717,5,ゴム製品製造業,02平均以下
786349832,11,木材・木製品製造業（家具を除く）,02平均以下
786350052,8,金属製品製造業,02平均以下
786350078,3,印刷・同関連業,02平均以下
786350113,0,食料品製造業,02平均以下
786350279,0,金属製品製造業,02平均以下
786350342,0,その他の製造業,02平均以下
786350431,10,プラスチック製品製造業（別掲を除く）,02平均以下
786350747,102,その他の製造業,01平均超
786350911,33,輸送用機械器具製造業,01平均超
786350970,91,はん用機械器具製造業,01平均超
786351168,3,石油製品・石炭製品製造業,02平均以下
786351177,5,電子部品・デバイス・電子回路製造業,02平均以下
786351702,20,生産用機械器具製造業,01平均超
786351824,12,印刷・同関連業,02平均以下
786352453,0,生産用機械器具製造業,02平均以下
786352623,2,家具・装備品製造業,02平均以下
786353027,9,パルプ・紙・紙加工品製造業,02平均以下
786353140,10,印刷・同関連業,02平均以下
786353214,10,家具・装備品製造業,02平均以下
786353247,4,はん用機械器具製造業,02平均以下
786353680,14,業務用機械器具製造業,01平均超
786353823,0,食料品製造業,02平均以下
786353838,1,電気機械器具製造業,02平均以下
786354022,10,家具・装備品製造業,02平均以下
786354234,1,プラスチック製品製造業（別掲を除く）,02平均以下
786354375,0,業務用機械器具製造業,02平均以下
786354414,14,食料品製造業,02平均以下
786354848,2,電子部品・デバイス・電子回路製造業,02平均以下
786355656,4,輸送用機械器具製造業,02平均以下
786355721,4,繊維工業,02平均以下
786355972,3,プラスチック製品製造業（別掲を除く）,02平均以下
786355992,32,電気機械器具製造業,02平均以下
786356211,4,生産用機械器具製造業,02平均以下
786356227,3,なめし革・同製品・毛皮製造業,02平均以下
786356452,1,窯業・土石製品製造業,02平均以下
786356608,1,窯業・土石製品製造業,02平均以下
786356762,12,金属製品製造業,02平均以下
786356826,15,金属製品製造業,02平均以下
786356832,20,木材・木製品製造業（家具を除く）,01平均超
786356902,2,その他の製造業,02平均以下
786357179,3,生産用機械器具製造業,02平均以下
786357274,12,プラスチック製品製造業（別掲を除く）,02平均以下
786357352,0,金属製品製造業,02平均以下
786357415,10,印刷・同関連業,02平均以下
786357517,30,金属製品製造業,01平均超
786357802,2,電子部品・デバイス・電子回路製造業,02平均以下
786358132,7,家具・装備品製造業,02平均以下
786358150,50,窯業・土石製品製造業,01平均超
786358396,1,食料品製造業,02平均以下
786358463,4,業務用機械器具製造業,02平均以下
786358695,7,プラスチック製品製造業（別掲を除く）,02平均以下
786358884,20,電気機械器具製造業,02平均以下
786359161,2,金属製品製造業,02平均以下
786359388,28,印刷・同関連業,01平均超
786359712,11,金属製品製造業,02平均以下
786359962,1,プラスチック製品製造業（別掲を除く）,02平均以下
786360588,4,繊維工業,02平均以下
786360853,115,木材・木製品製造業（家具を除く）,01平均超
786361570,60,金属製品製造業,01平均超
786361985,0,はん用機械器具製造業,02平均以下
786362129,3,石油製品・石炭製品製造業,02平均以下
786362417,7,金属製品製造業,02平均以下
786362498,1,金属製品製造業,02平均以下
786362615,8,はん用機械器具製造業,02平均以下
786362688,2,業務用機械器具製造業,02平均以下
786362818,25,プラスチック製品製造業（別掲を除く）,01平均超
786362939,1,繊維工業,02平均以下
786363023,1,金属製品製造業,02平均以下
786363169,2,金属製品製造業,02平均以下
786363717,60,金属製品製造業,01平均超
786364029,28,食料品製造業,01平均超
786364030,1,はん用機械器具製造業,02平均以下
786364048,3,食料品製造業,02平均以下
786364443,13,生産用機械器具製造業,02平均以下
786364677,0,プラスチック製品製造業（別掲を除く）,02平均以下
786364816,7,繊維工業,02平均以下
786364842,1,はん用機械器具製造業,02平均以下
786365032,2,輸送用機械器具製造業,02平均以下
786365459,5,輸送用機械器具製造業,02平均以下
786365870,40,はん用機械器具製造業,01平均超
786366210,8,窯業・土石製品製造業,02平均以下
786366252,3,金属製品製造業,02平均以下
786366420,20,はん用機械器具製造業,02平均以下
786366806,1,食料品製造業,02平均以下
786367011,30,金属製品製造業,01平均超
786367195,10,輸送用機械器具製造業,02平均以下
786367406,0,電気機械器具製造業,02平均以下
786367807,0,金属製品製造業,02平均以下
786368277,2,パルプ・紙・紙加工品製造業,02平均以下
786368361,0,繊維工業,02平均以下
786368394,2,はん用機械器具製造業,02平均以下
786368732,60,プラスチック製品製造業（別掲を除く）,01平均超
786368788,15,非鉄金属製造業,02平均以下
786369172,3,生産用機械器具製造業,02平均以下
786369617,12,窯業・土石製品製造業,02平均以下
786369656,60,金属製品製造業,01平均超
786369684,26,木材・木製品製造業（家具を除く）,01平均超
786369808,3,食料品製造業,02平均以下
786370341,6,金属製品製造業,02平均以下
786370822,2,金属製品製造業,02平均以下
786370983,3,生産用機械器具製造業,02平均以下
786371268,2,生産用機械器具製造業,02平均以下
786372110,1,電子部品・デバイス・電子回路製造業,02平均以下
786372933,22,金属製品製造業,01平均超
786373240,3,食料品製造業,02平均以下
786374954,10,はん用機械器具製造業,02平均以下
786374992,28,生産用機械器具製造業,01平均超
786375012,0,金属製品製造業,02平均以下
786375797,2,繊維工業,02平均以下
786376114,115,プラスチック製品製造業（別掲を除く）,01平均超
786376442,4,はん用機械器具製造業,02平均以下
786376506,0,金属製品製造業,02平均以下
786376512,6,映像・音声・文字情報制作業,02平均以下
786376604,3,生産用機械器具製造業,02平均以下
786377154,39,金属製品製造業,01平均超
786377192,35,電子部品・デバイス・電子回路製造業,02平均以下
786377351,20,生産用機械器具製造業,01平均超
786377456,1,金属製品製造業,02平均以下
786377561,4,金属製品製造業,02平均以下
786377732,1,家具・装備品製造業,02平均以下
786377955,16,鉄鋼業,01平均超
786377996,1,繊維工業,02平均以下
786378369,261,はん用機械器具製造業,01平均超
786378513,1,金属製品製造業,02平均以下
786378554,45,家具・装備品製造業,01平均超
786378852,0,情報通信機械器具製造業,02平均以下
786378931,2,業務用機械器具製造業,02平均以下
786379682,0,電子部品・デバイス・電子回路製造業,02平均以下
786380166,5,金属製品製造業,02平均以下
786380171,9,繊維工業,02平均以下
786380201,4,化学工業,02平均以下
786380789,1,木材・木製品製造業（家具を除く）,02平均以下
786380856,3,金属製品製造業,02平均以下
786381021,8,プラスチック製品製造業（別掲を除く）,02平均以下
786381422,12,印刷・同関連業,02平均以下
786381626,4,金属製品製造業,02平均以下
786381714,0,繊維工業,02平均以下
786381939,3,金属製品製造業,02平均以下
786382142,40,生産用機械器具製造業,01平均超
786382174,28,はん用機械器具製造業,01平均超
786382347,3,電子部品・デバイス・電子回路製造業,02平均以下
786382544,5,パルプ・紙・紙加工品製造業,02平均以下
786382606,10,はん用機械器具製造業,02平均以下
786382624,6,金属製品製造業,02平均以下
786382679,13,化学工業,02平均以下
786382842,5,プラスチック製品製造業（別掲を除く）,02平均以下
786382877,23,食料品製造業,01平均超
786383398,18,金属製品製造業,02平均以下
786383436,40,金属製品製造業,01平均超
786383472,11,はん用機械器具製造業,02平均以下
786383670,0,生産用機械器具製造業,02平均以下
786383942,171,その他の製造業,01平均超
786384103,1,はん用機械器具製造業,02平均以下
786384390,1,繊維工業,02平均以下
786384673,3,プラスチック製品製造業（別掲を除く）,02平均以下
786384684,0,輸送用機械器具製造業,02平均以下
786384871,102,電気機械器具製造業,01平均超
786384920,115,プラスチック製品製造業（別掲を除く）,01平均超
786385162,2,食料品製造業,02平均以下
786385581,10,プラスチック製品製造業（別掲を除く）,02平均以下
786385905,2,化学工業,02平均以下
786385973,3,電子部品・デバイス・電子回路製造業,02平均以下
786386024,27,窯業・土石製品製造業,01平均超
786386058,5,生産用機械器具製造業,02平均以下
786386288,4,金属製品製造業,02平均以下
786386453,8,業務用機械器具製造業,02平均以下
786386555,6,はん用機械器具製造業,02平均以下
786387334,0,石油製品・石炭製品製造業,02平均以下
786387487,4,金属製品製造業,02平均以下
786387762,1,食料品製造業,02平均以下
786387888,0,輸送用機械器具製造業,02平均以下
786387981,2,生産用機械器具製造業,02平均以下
786388030,1,輸送用機械器具製造業,02平均以下
786388067,3,印刷・同関連業,02平均以下
786388536,18,繊維工業,01平均超
786389047,45,生産用機械器具製造業,01平均超
786389242,0,なめし革・同製品・毛皮製造業,02平均以下
786389488,5,はん用機械器具製造業,02平均以下
786389491,171,金属製品製造業,01平均超
786389629,1,食料品製造業,02平均以下
786390058,1,プラスチック製品製造業（別掲を除く）,02平均以下
786390065,18,はん用機械器具製造業,02平均以下
786390079,17,非鉄金属製造業,02平均以下
786390203,79,その他の製造業,01平均超
786390260,6,電子部品・デバイス・電子回路製造業,02平均以下
786390288,6,パルプ・紙・紙加工品製造業,02平均以下
786390291,4,プラスチック製品製造業（別掲を除く）,02平均以下
786390607,2,その他の製造業,02平均以下
786390623,13,プラスチック製品製造業（別掲を除く）,02平均以下
786390774,19,金属製品製造業,01平均超
786390887,78,はん用機械器具製造業,01平均超
786391023,17,金属製品製造業,02平均以下
786391183,2,繊維工業,02平均以下
786391386,0,繊維工業,02平均以下
786391433,56,はん用機械器具製造業,01平均超
786391574,13,金属製品製造業,02平均以下
786391902,1,業務用機械器具製造業,02平均以下
786391981,3,その他の製造業,02平均以下
786392153,0,食料品製造業,02平均以下
786392643,0,金属製品製造業,02平均以下
786392837,18,木材・木製品製造業（家具を除く）,01平均超
786393008,0,食料品製造業,02平均以下
786393124,0,非鉄金属製造業,02平均以下
786393179,0,はん用機械器具製造業,02平均以下
786393280,4,はん用機械器具製造業,02平均以下
786393297,24,ゴム製品製造業,01平均超
786393387,195,窯業・土石製品製造業,01平均超
786393562,8,繊維工業,02平均以下
786393654,40,食料品製造業,01平均超
786393736,15,プラスチック製品製造業（別掲を除く）,02平均以下
786393827,50,輸送用機械器具製造業,01平均超
786393843,18,プラスチック製品製造業（別掲を除く）,02平均以下
786394147,10,なめし革・同製品・毛皮製造業,02平均以下
786394409,45,プラスチック製品製造業（別掲を除く）,01平均超
786394582,2,電気機械器具製造業,02平均以下
786394619,0,食料品製造業,02平均以下
786394621,3,生産用機械器具製造業,02平均以下
786394746,14,金属製品製造業,02平均以下
786394752,1,繊維工業,02平均以下
786395048,12,繊維工業,02平均以下
786395482,47,プラスチック製品製造業（別掲を除く）,01平均超
786395625,1,金属製品製造業,02平均以下
786395880,9,印刷・同関連業,02平均以下
786396096,34,繊維工業,01平均超
786396162,3,食料品製造業,02平均以下
786396214,1,金属製品製造業,02平均以下
786396285,33,金属製品製造業,01平均超
786396412,2,鉄鋼業,02平均以下
786396846,5,食料品製造業,02平均以下
786396922,3,輸送用機械器具製造業,02平均以下
786397159,7,食料品製造業,02平均以下
786397324,1,印刷・同関連業,02平均以下
786397475,0,食料品製造業,02平均以下
786397586,18,生産用機械器具製造業,02平均以下
786397599,35,はん用機械器具製造業,01平均超
786397945,3,印刷・同関連業,02平均以下
786397969,32,その他の製造業,02平均以下
786398083,3,プラスチック製品製造業（別掲を除く）,02平均以下
786398682,7,金属製品製造業,02平均以下
786398923,20,金属製品製造業,01平均超
786398989,0,パルプ・紙・紙加工品製造業,02平均以下
786399017,7,はん用機械器具製造業,02平均以下
786399062,39,窯業・土石製品製造業,01平均超
786399127,3,食料品製造業,02平均以下
786399389,42,生産用機械器具製造業,01平均超
786399450,9,繊維工業,02平均以下
786399587,40,金属製品製造業,01平均超
786399759,5,業務用機械器具製造業,02平均以下
786399854,115,電気機械器具製造業,01平均超
793089623,4,はん用機械器具製造業,02平均以下
796051547,10,生産用機械器具製造業,02平均以下
796096285,2,食料品製造業,02平均以下
796215277,1,金属製品製造業,02平均以下
796218052,1,金属製品製造業,02平均以下
796664286,25,はん用機械器具製造業,02平均以下
796866132,20,はん用機械器具製造業,02平均以下
801314765,5,金属製品製造業,02平均以下
801320292,20,電子部品・デバイス・電子回路製造業,02平均以下
801329654,4,電気機械器具製造業,02平均以下
805317897,25,金属製品製造業,01平均超
809328862,1,飲料・たばこ・飼料製造業,02平均以下
815329858,15,プラスチック製品製造業（別掲を除く）,02平均以下
827304763,6,プラスチック製品製造業（別掲を除く）,02平均以下
827323365,1,パルプ・紙・紙加工品製造業,02平均以下
830301052,7,家具・装備品製造業,02平均以下
836369442,2,金属製品製造業,02平均以下
839304508,102,電子部品・デバイス・電子回路製造業,01平均超
840318930,65,はん用機械器具製造業,01平均超
844328793,0,金属製品製造業,02平均以下
845328249,1,木材・木製品製造業（家具を除く）,02平均以下
847315017,0,その他の製造業,02平均以下
848311127,20,食料品製造業,01平均超
848327682,100,プラスチック製品製造業（別掲を除く）,01平均超
849303622,1,生産用機械器具製造業,02平均以下
851314478,14,ゴム製品製造業,02平均以下
855305459,4,家具・装備品製造業,02平均以下
857318559,2,印刷・同関連業,02平均以下
858314812,11,生産用機械器具製造業,02平均以下
867316367,7,繊維工業,02平均以下
868310275,5,プラスチック製品製造業（別掲を除く）,02平均以下
870323887,2,電気機械器具製造業,02平均以下
877318905,4,プラスチック製品製造業（別掲を除く）,02平均以下
877319997,15,生産用機械器具製造業,02平均以下
878329505,0,化学工業,02平均以下
879324640,5,パルプ・紙・紙加工品製造業,02平均以下
884317719,5,化学工業,02平均以下
884323140,120,プラスチック製品製造業（別掲を除く）,01平均超
888316067,53,電気機械器具製造業,01平均超
889321876,15,はん用機械器具製造業,02平均以下
889324632,0,生産用機械器具製造業,02平均以下
890314583,14,繊維工業,02平均以下
894325246,3,繊維工業,02平均以下
895327924,15,鉄鋼業,01平均超
897310402,11,木材・木製品製造業（家具を除く）,02平均以下
897324145,7,印刷・同関連業,02平均以下
897329072,2,金属製品製造業,02平均以下
901315762,25,金属製品製造業,01平均超
905320946,2,窯業・土石製品製造業,02平均以下
908310790,12,パルプ・紙・紙加工品製造業,02平均以下
910320448,5,プラスチック製品製造業（別掲を除く）,02平均以下
913324928,3,電子部品・デバイス・電子回路製造業,02平均以下
915310864,13,情報通信機械器具製造業,01平均超
915319288,1,パルプ・紙・紙加工品製造業,02平均以下
915323924,65,食料品製造業,01平均超
917324962,0,非鉄金属製造業,02平均以下
919314392,7,食料品製造業,02平均以下
930321572,7,その他の製造業,02平均以下
931311882,3,生産用機械器具製造業,02平均以下
931325701,15,印刷・同関連業,02平均以下
933322301,0,その他の製造業,02平均以下
934314502,8,その他の製造業,02平均以下
935323063,18,化学工業,02平均以下
935323721,4,木材・木製品製造業（家具を除く）,02平均以下
944324618,25,はん用機械器具製造業,02平均以下
945310022,2,生産用機械器具製造業,02平均以下
945315803,8,窯業・土石製品製造業,02平均以下
950323263,5,その他の製造業,02平均以下
954323118,2,食料品製造業,02平均以下
955311068,3,金属製品製造業,02平均以下
955324136,0,パルプ・紙・紙加工品製造業,02平均以下
958319219,3,生産用機械器具製造業,02平均以下
959310097,7,はん用機械器具製造業,02平均以下
960328741,20,金属製品製造業,01平均超
961314873,0,金属製品製造業,02平均以下
964316857,18,食料品製造業,02平均以下
969321002,2,プラスチック製品製造業（別掲を除く）,02平均以下
971329027,1,輸送用機械器具製造業,02平均以下
974323143,44,はん用機械器具製造業,01平均超
975323043,4,繊維工業,02平均以下
978325841,5,金属製品製造業,02平均以下
979314338,3,木材・木製品製造業（家具を除く）,02平均以下
979323749,2,はん用機械器具製造業,02平均以下
979327345,6,生産用機械器具製造業,02平均以下
980320397,3,はん用機械器具製造業,02平均以下
987320881,2,業務用機械器具製造業,02平均以下
988325372,2,家具・装備品製造業,02平均以下
988325686,0,生産用機械器具製造業,02平均以下
989314585,6,電気機械器具製造業,02平均以下
